year,Month,country,refugees,category,transaction_value,distribution
2006,1,Canada,2021.0,Education,42367000.0,1.0
2006,2,Canada,1532.0,Education,42367000.0,1.0
2006,3,Canada,1514.0,Education,42367000.0,1.0
2006,4,Canada,1655.0,Education,42367000.0,1.0
2006,5,Canada,1783.0,Education,42367000.0,1.0
2006,6,Canada,2453.0,Education,42367000.0,1.0
2006,7,Canada,2365.0,Education,42367000.0,1.0
2006,8,Canada,2161.0,Education,42367000.0,1.0
2006,9,Canada,2363.0,Education,42367000.0,1.0
2006,10,Canada,1625.0,Education,42367000.0,1.0
2006,11,Canada,1735.0,Education,42367000.0,1.0
2006,12,Canada,1700.0,Education,42367000.0,1.0
2007,1,Canada,2026.0,Education,81644883.78,1.0
2007,2,Canada,1905.0,Education,81644883.78,1.0
2007,3,Canada,1769.0,Education,81644883.78,1.0
2007,4,Canada,1943.0,Education,81644883.78,1.0
2007,5,Canada,2122.0,Education,81644883.78,1.0
2007,6,Canada,2612.0,Education,81644883.78,1.0
2007,7,Canada,2853.0,Education,81644883.78,1.0
2007,8,Canada,3407.0,Education,81644883.78,1.0
2007,9,Canada,3409.0,Education,81644883.78,1.0
2007,10,Canada,1778.0,Education,81644883.78,1.0
2007,11,Canada,1959.0,Education,81644883.78,1.0
2007,12,Canada,2559.0,Education,81644883.78,1.0
2008,1,Canada,2986.0,Education,25245423.0,1.0
2008,2,Canada,2904.0,Education,25245423.0,1.0
2008,3,Canada,2959.0,Education,25245423.0,1.0
2008,4,Canada,2723.0,Education,25245423.0,1.0
2008,5,Canada,3241.0,Education,25245423.0,1.0
2008,6,Canada,3339.0,Education,25245423.0,1.0
2008,7,Canada,3705.0,Education,25245423.0,1.0
2008,8,Canada,3716.0,Education,25245423.0,1.0
2008,9,Canada,3237.0,Education,25245423.0,1.0
2008,10,Canada,2742.0,Education,25245423.0,1.0
2008,11,Canada,2521.0,Education,25245423.0,1.0
2008,12,Canada,2822.0,Education,25245423.0,1.0
2009,1,Canada,2875.0,Education,259807555.57999998,0.7733114441109629
2009,1,Canada,2875.0,Infrastructure,76160000.0,0.22668855588903708
2009,2,Canada,3030.0,Education,259807555.57999998,0.7733114441109629
2009,2,Canada,3030.0,Infrastructure,76160000.0,0.22668855588903708
2009,3,Canada,3277.0,Education,259807555.57999998,0.7733114441109629
2009,3,Canada,3277.0,Infrastructure,76160000.0,0.22668855588903708
2009,4,Canada,3006.0,Education,259807555.57999998,0.7733114441109629
2009,4,Canada,3006.0,Infrastructure,76160000.0,0.22668855588903708
2009,5,Canada,2902.0,Education,259807555.57999998,0.7733114441109629
2009,5,Canada,2902.0,Infrastructure,76160000.0,0.22668855588903708
2009,6,Canada,2238.0,Education,259807555.57999998,0.7733114441109629
2009,6,Canada,2238.0,Infrastructure,76160000.0,0.22668855588903708
2009,7,Canada,2508.0,Education,259807555.57999998,0.7733114441109629
2009,7,Canada,2508.0,Infrastructure,76160000.0,0.22668855588903708
2009,8,Canada,2474.0,Education,259807555.57999998,0.7733114441109629
2009,8,Canada,2474.0,Infrastructure,76160000.0,0.22668855588903708
2009,9,Canada,2424.0,Education,259807555.57999998,0.7733114441109629
2009,9,Canada,2424.0,Infrastructure,76160000.0,0.22668855588903708
2009,10,Canada,3184.0,Education,259807555.57999998,0.7733114441109629
2009,10,Canada,3184.0,Infrastructure,76160000.0,0.22668855588903708
2009,11,Canada,3351.0,Education,259807555.57999998,0.7733114441109629
2009,11,Canada,3351.0,Infrastructure,76160000.0,0.22668855588903708
2009,12,Canada,1982.0,Education,259807555.57999998,0.7733114441109629
2009,12,Canada,1982.0,Infrastructure,76160000.0,0.22668855588903708
2009,1,Greece,1557.0,Agriculture,118000.0,1.0
2009,2,Greece,1590.0,Agriculture,118000.0,1.0
2009,3,Greece,1679.0,Agriculture,118000.0,1.0
2009,4,Greece,1717.0,Agriculture,118000.0,1.0
2009,5,Greece,1086.0,Agriculture,118000.0,1.0
2009,6,Greece,496.0,Agriculture,118000.0,1.0
2009,7,Greece,1584.0,Agriculture,118000.0,1.0
2009,8,Greece,1136.0,Agriculture,118000.0,1.0
2009,9,Greece,961.0,Agriculture,118000.0,1.0
2009,10,Greece,1663.0,Agriculture,118000.0,1.0
2009,11,Greece,1571.0,Agriculture,118000.0,1.0
2009,12,Greece,888.0,Agriculture,118000.0,1.0
2009,4,Albania,1.0,Agriculture,70000000.0,1.0
2009,5,Albania,1.0,Agriculture,70000000.0,1.0
2009,7,Albania,1.0,Agriculture,70000000.0,1.0
2010,1,Canada,1939.0,Agriculture,11771100.0,0.1036653783807817
2010,1,Canada,1939.0,Education,86953732.52,0.7657815822911268
2010,1,Canada,1939.0,Infrastructure,14824167.0,0.13055303932809148
2010,2,Canada,1935.0,Agriculture,11771100.0,0.1036653783807817
2010,2,Canada,1935.0,Education,86953732.52,0.7657815822911268
2010,2,Canada,1935.0,Infrastructure,14824167.0,0.13055303932809148
2010,3,Canada,1751.0,Agriculture,11771100.0,0.1036653783807817
2010,3,Canada,1751.0,Education,86953732.52,0.7657815822911268
2010,3,Canada,1751.0,Infrastructure,14824167.0,0.13055303932809148
2010,4,Canada,1664.0,Agriculture,11771100.0,0.1036653783807817
2010,4,Canada,1664.0,Education,86953732.52,0.7657815822911268
2010,4,Canada,1664.0,Infrastructure,14824167.0,0.13055303932809148
2010,5,Canada,1656.0,Agriculture,11771100.0,0.1036653783807817
2010,5,Canada,1656.0,Education,86953732.52,0.7657815822911268
2010,5,Canada,1656.0,Infrastructure,14824167.0,0.13055303932809148
2010,6,Canada,2319.0,Agriculture,11771100.0,0.1036653783807817
2010,6,Canada,2319.0,Education,86953732.52,0.7657815822911268
2010,6,Canada,2319.0,Infrastructure,14824167.0,0.13055303932809148
2010,7,Canada,2054.0,Agriculture,11771100.0,0.1036653783807817
2010,7,Canada,2054.0,Education,86953732.52,0.7657815822911268
2010,7,Canada,2054.0,Infrastructure,14824167.0,0.13055303932809148
2010,8,Canada,1918.0,Agriculture,11771100.0,0.1036653783807817
2010,8,Canada,1918.0,Education,86953732.52,0.7657815822911268
2010,8,Canada,1918.0,Infrastructure,14824167.0,0.13055303932809148
2010,9,Canada,2032.0,Agriculture,11771100.0,0.1036653783807817
2010,9,Canada,2032.0,Education,86953732.52,0.7657815822911268
2010,9,Canada,2032.0,Infrastructure,14824167.0,0.13055303932809148
2010,10,Canada,1633.0,Agriculture,11771100.0,0.1036653783807817
2010,10,Canada,1633.0,Education,86953732.52,0.7657815822911268
2010,10,Canada,1633.0,Infrastructure,14824167.0,0.13055303932809148
2010,11,Canada,2212.0,Agriculture,11771100.0,0.1036653783807817
2010,11,Canada,2212.0,Education,86953732.52,0.7657815822911268
2010,11,Canada,2212.0,Infrastructure,14824167.0,0.13055303932809148
2010,12,Canada,2044.0,Agriculture,11771100.0,0.1036653783807817
2010,12,Canada,2044.0,Education,86953732.52,0.7657815822911268
2010,12,Canada,2044.0,Infrastructure,14824167.0,0.13055303932809148
2010,1,Greece,652.0,Agriculture,99391.0,1.0
2010,2,Greece,744.0,Agriculture,99391.0,1.0
2010,3,Greece,659.0,Agriculture,99391.0,1.0
2010,4,Greece,838.0,Agriculture,99391.0,1.0
2010,5,Greece,989.0,Agriculture,99391.0,1.0
2010,6,Greece,886.0,Agriculture,99391.0,1.0
2010,7,Greece,1311.0,Agriculture,99391.0,1.0
2010,8,Greece,1078.0,Agriculture,99391.0,1.0
2010,9,Greece,912.0,Agriculture,99391.0,1.0
2010,10,Greece,1010.0,Agriculture,99391.0,1.0
2010,11,Greece,798.0,Agriculture,99391.0,1.0
2010,12,Greece,396.0,Agriculture,99391.0,1.0
2010,2,Albania,3.0,Agriculture,70000000.0,1.0
2010,5,Albania,1.0,Agriculture,70000000.0,1.0
2010,6,Albania,2.0,Agriculture,70000000.0,1.0
2010,7,Albania,2.0,Agriculture,70000000.0,1.0
2010,10,Albania,2.0,Agriculture,70000000.0,1.0
2010,12,Albania,2.0,Agriculture,70000000.0,1.0
2011,1,Albania,4.0,Agriculture,70000000.0,1.0
2011,2,Albania,8.0,Agriculture,70000000.0,1.0
2011,4,Albania,1.0,Agriculture,70000000.0,1.0
2011,5,Albania,1.0,Agriculture,70000000.0,1.0
2011,6,Albania,2.0,Agriculture,70000000.0,1.0
2011,12,Albania,1.0,Agriculture,70000000.0,1.0
2011,1,Canada,1875.0,Agriculture,1867422.0,0.023164443712499316
2011,1,Canada,1875.0,Education,66538457.37,0.8253765621610436
2011,1,Canada,1875.0,Infrastructure,12210000.0,0.15145899412645705
2011,2,Canada,1936.0,Agriculture,1867422.0,0.023164443712499316
2011,2,Canada,1936.0,Education,66538457.37,0.8253765621610436
2011,2,Canada,1936.0,Infrastructure,12210000.0,0.15145899412645705
2011,3,Canada,1836.0,Agriculture,1867422.0,0.023164443712499316
2011,3,Canada,1836.0,Education,66538457.37,0.8253765621610436
2011,3,Canada,1836.0,Infrastructure,12210000.0,0.15145899412645705
2011,4,Canada,1815.0,Agriculture,1867422.0,0.023164443712499316
2011,4,Canada,1815.0,Education,66538457.37,0.8253765621610436
2011,4,Canada,1815.0,Infrastructure,12210000.0,0.15145899412645705
2011,5,Canada,1529.0,Agriculture,1867422.0,0.023164443712499316
2011,5,Canada,1529.0,Education,66538457.37,0.8253765621610436
2011,5,Canada,1529.0,Infrastructure,12210000.0,0.15145899412645705
2011,6,Canada,2127.0,Agriculture,1867422.0,0.023164443712499316
2011,6,Canada,2127.0,Education,66538457.37,0.8253765621610436
2011,6,Canada,2127.0,Infrastructure,12210000.0,0.15145899412645705
2011,7,Canada,2712.0,Agriculture,1867422.0,0.023164443712499316
2011,7,Canada,2712.0,Education,66538457.37,0.8253765621610436
2011,7,Canada,2712.0,Infrastructure,12210000.0,0.15145899412645705
2011,8,Canada,2745.0,Agriculture,1867422.0,0.023164443712499316
2011,8,Canada,2745.0,Education,66538457.37,0.8253765621610436
2011,8,Canada,2745.0,Infrastructure,12210000.0,0.15145899412645705
2011,9,Canada,2622.0,Agriculture,1867422.0,0.023164443712499316
2011,9,Canada,2622.0,Education,66538457.37,0.8253765621610436
2011,9,Canada,2622.0,Infrastructure,12210000.0,0.15145899412645705
2011,10,Canada,1916.0,Agriculture,1867422.0,0.023164443712499316
2011,10,Canada,1916.0,Education,66538457.37,0.8253765621610436
2011,10,Canada,1916.0,Infrastructure,12210000.0,0.15145899412645705
2011,11,Canada,2138.0,Agriculture,1867422.0,0.023164443712499316
2011,11,Canada,2138.0,Education,66538457.37,0.8253765621610436
2011,11,Canada,2138.0,Infrastructure,12210000.0,0.15145899412645705
2011,12,Canada,2096.0,Agriculture,1867422.0,0.023164443712499316
2011,12,Canada,2096.0,Education,66538457.37,0.8253765621610436
2011,12,Canada,2096.0,Infrastructure,12210000.0,0.15145899412645705
2011,1,Greece,606.0,Agriculture,380831.0,1.0
2011,2,Greece,920.0,Agriculture,380831.0,1.0
2011,3,Greece,453.0,Agriculture,380831.0,1.0
2011,4,Greece,815.0,Agriculture,380831.0,1.0
2011,5,Greece,989.0,Agriculture,380831.0,1.0
2011,6,Greece,650.0,Agriculture,380831.0,1.0
2011,7,Greece,789.0,Agriculture,380831.0,1.0
2011,8,Greece,742.0,Agriculture,380831.0,1.0
2011,9,Greece,873.0,Agriculture,380831.0,1.0
2011,10,Greece,685.0,Agriculture,380831.0,1.0
2011,11,Greece,1003.0,Agriculture,380831.0,1.0
2011,12,Greece,786.0,Agriculture,380831.0,1.0
2012,1,Canada,1795.0,Agriculture,2040775.0,0.012499123517930718
2012,1,Canada,1795.0,Education,149030173.5,0.912764291249719
2012,1,Canada,1795.0,Infrastructure,12202500.0,0.07473658523235026
2012,2,Canada,1929.0,Agriculture,2040775.0,0.012499123517930718
2012,2,Canada,1929.0,Education,149030173.5,0.912764291249719
2012,2,Canada,1929.0,Infrastructure,12202500.0,0.07473658523235026
2012,3,Canada,1698.0,Agriculture,2040775.0,0.012499123517930718
2012,3,Canada,1698.0,Education,149030173.5,0.912764291249719
2012,3,Canada,1698.0,Infrastructure,12202500.0,0.07473658523235026
2012,4,Canada,1763.0,Agriculture,2040775.0,0.012499123517930718
2012,4,Canada,1763.0,Education,149030173.5,0.912764291249719
2012,4,Canada,1763.0,Infrastructure,12202500.0,0.07473658523235026
2012,5,Canada,1424.0,Agriculture,2040775.0,0.012499123517930718
2012,5,Canada,1424.0,Education,149030173.5,0.912764291249719
2012,5,Canada,1424.0,Infrastructure,12202500.0,0.07473658523235026
2012,6,Canada,1427.0,Agriculture,2040775.0,0.012499123517930718
2012,6,Canada,1427.0,Education,149030173.5,0.912764291249719
2012,6,Canada,1427.0,Infrastructure,12202500.0,0.07473658523235026
2012,7,Canada,1709.0,Agriculture,2040775.0,0.012499123517930718
2012,7,Canada,1709.0,Education,149030173.5,0.912764291249719
2012,7,Canada,1709.0,Infrastructure,12202500.0,0.07473658523235026
2012,8,Canada,1847.0,Agriculture,2040775.0,0.012499123517930718
2012,8,Canada,1847.0,Education,149030173.5,0.912764291249719
2012,8,Canada,1847.0,Infrastructure,12202500.0,0.07473658523235026
2012,9,Canada,2025.0,Agriculture,2040775.0,0.012499123517930718
2012,9,Canada,2025.0,Education,149030173.5,0.912764291249719
2012,9,Canada,2025.0,Infrastructure,12202500.0,0.07473658523235026
2012,10,Canada,1630.0,Agriculture,2040775.0,0.012499123517930718
2012,10,Canada,1630.0,Education,149030173.5,0.912764291249719
2012,10,Canada,1630.0,Infrastructure,12202500.0,0.07473658523235026
2012,11,Canada,1803.0,Agriculture,2040775.0,0.012499123517930718
2012,11,Canada,1803.0,Education,149030173.5,0.912764291249719
2012,11,Canada,1803.0,Infrastructure,12202500.0,0.07473658523235026
2012,12,Canada,1451.0,Agriculture,2040775.0,0.012499123517930718
2012,12,Canada,1451.0,Education,149030173.5,0.912764291249719
2012,12,Canada,1451.0,Infrastructure,12202500.0,0.07473658523235026
2012,1,Greece,556.0,Agriculture,82300.0,1.0
2012,2,Greece,682.0,Agriculture,82300.0,1.0
2012,3,Greece,886.0,Agriculture,82300.0,1.0
2012,4,Greece,718.0,Agriculture,82300.0,1.0
2012,5,Greece,589.0,Agriculture,82300.0,1.0
2012,6,Greece,751.0,Agriculture,82300.0,1.0
2012,7,Greece,744.0,Agriculture,82300.0,1.0
2012,8,Greece,1255.0,Agriculture,82300.0,1.0
2012,9,Greece,1030.0,Agriculture,82300.0,1.0
2012,10,Greece,807.0,Agriculture,82300.0,1.0
2012,11,Greece,710.0,Agriculture,82300.0,1.0
2012,12,Greece,849.0,Agriculture,82300.0,1.0
2012,1,Turkey,741.0,Emergency aid,379568864.4,1.0
2012,2,Turkey,966.0,Emergency aid,379568864.4,1.0
2012,3,Turkey,1226.0,Emergency aid,379568864.4,1.0
2012,4,Turkey,1634.0,Emergency aid,379568864.4,1.0
2012,5,Turkey,1814.0,Emergency aid,379568864.4,1.0
2012,6,Turkey,2110.0,Emergency aid,379568864.4,1.0
2012,7,Turkey,4310.0,Emergency aid,379568864.4,1.0
2012,8,Turkey,3901.0,Emergency aid,379568864.4,1.0
2012,9,Turkey,3354.0,Emergency aid,379568864.4,1.0
2012,10,Turkey,1864.0,Emergency aid,379568864.4,1.0
2012,11,Turkey,1445.0,Emergency aid,379568864.4,1.0
2012,12,Turkey,3105.0,Emergency aid,379568864.4,1.0
2012,4,Albania,5.0,Agriculture,90000000.0,0.9696555977248001
2012,4,Albania,5.0,Environment,2816460.0,0.030344402275199894
2012,5,Albania,1.0,Agriculture,90000000.0,0.9696555977248001
2012,5,Albania,1.0,Environment,2816460.0,0.030344402275199894
2012,6,Albania,2.0,Agriculture,90000000.0,0.9696555977248001
2012,6,Albania,2.0,Environment,2816460.0,0.030344402275199894
2012,7,Albania,2.0,Agriculture,90000000.0,0.9696555977248001
2012,7,Albania,2.0,Environment,2816460.0,0.030344402275199894
2012,8,Albania,1.0,Agriculture,90000000.0,0.9696555977248001
2012,8,Albania,1.0,Environment,2816460.0,0.030344402275199894
2012,9,Albania,2.0,Agriculture,90000000.0,0.9696555977248001
2012,9,Albania,2.0,Environment,2816460.0,0.030344402275199894
2012,12,Albania,3.0,Agriculture,90000000.0,0.9696555977248001
2012,12,Albania,3.0,Environment,2816460.0,0.030344402275199894
2013,1,Albania,3.0,Agriculture,90000000.0,0.9660393482639151
2013,1,Albania,3.0,Education,53400.0,0.0005731833466365897
2013,1,Albania,3.0,Emergency aid,3000000.0,0.03220131160879717
2013,1,Albania,3.0,Environment,110507.0,0.0011861567806511163
2013,2,Albania,1.0,Agriculture,90000000.0,0.9660393482639151
2013,2,Albania,1.0,Education,53400.0,0.0005731833466365897
2013,2,Albania,1.0,Emergency aid,3000000.0,0.03220131160879717
2013,2,Albania,1.0,Environment,110507.0,0.0011861567806511163
2013,4,Albania,44.0,Agriculture,90000000.0,0.9660393482639151
2013,4,Albania,44.0,Education,53400.0,0.0005731833466365897
2013,4,Albania,44.0,Emergency aid,3000000.0,0.03220131160879717
2013,4,Albania,44.0,Environment,110507.0,0.0011861567806511163
2013,5,Albania,45.0,Agriculture,90000000.0,0.9660393482639151
2013,5,Albania,45.0,Education,53400.0,0.0005731833466365897
2013,5,Albania,45.0,Emergency aid,3000000.0,0.03220131160879717
2013,5,Albania,45.0,Environment,110507.0,0.0011861567806511163
2013,6,Albania,46.0,Agriculture,90000000.0,0.9660393482639151
2013,6,Albania,46.0,Education,53400.0,0.0005731833466365897
2013,6,Albania,46.0,Emergency aid,3000000.0,0.03220131160879717
2013,6,Albania,46.0,Environment,110507.0,0.0011861567806511163
2013,7,Albania,31.0,Agriculture,90000000.0,0.9660393482639151
2013,7,Albania,31.0,Education,53400.0,0.0005731833466365897
2013,7,Albania,31.0,Emergency aid,3000000.0,0.03220131160879717
2013,7,Albania,31.0,Environment,110507.0,0.0011861567806511163
2013,8,Albania,12.0,Agriculture,90000000.0,0.9660393482639151
2013,8,Albania,12.0,Education,53400.0,0.0005731833466365897
2013,8,Albania,12.0,Emergency aid,3000000.0,0.03220131160879717
2013,8,Albania,12.0,Environment,110507.0,0.0011861567806511163
2013,9,Albania,1.0,Agriculture,90000000.0,0.9660393482639151
2013,9,Albania,1.0,Education,53400.0,0.0005731833466365897
2013,9,Albania,1.0,Emergency aid,3000000.0,0.03220131160879717
2013,9,Albania,1.0,Environment,110507.0,0.0011861567806511163
2013,10,Albania,27.0,Agriculture,90000000.0,0.9660393482639151
2013,10,Albania,27.0,Education,53400.0,0.0005731833466365897
2013,10,Albania,27.0,Emergency aid,3000000.0,0.03220131160879717
2013,10,Albania,27.0,Environment,110507.0,0.0011861567806511163
2013,11,Albania,8.0,Agriculture,90000000.0,0.9660393482639151
2013,11,Albania,8.0,Education,53400.0,0.0005731833466365897
2013,11,Albania,8.0,Emergency aid,3000000.0,0.03220131160879717
2013,11,Albania,8.0,Environment,110507.0,0.0011861567806511163
2013,12,Albania,8.0,Agriculture,90000000.0,0.9660393482639151
2013,12,Albania,8.0,Education,53400.0,0.0005731833466365897
2013,12,Albania,8.0,Emergency aid,3000000.0,0.03220131160879717
2013,12,Albania,8.0,Environment,110507.0,0.0011861567806511163
2013,1,Bulgaria,243.0,Education,53400.0,1.0
2013,2,Bulgaria,213.0,Education,53400.0,1.0
2013,3,Bulgaria,249.0,Education,53400.0,1.0
2013,4,Bulgaria,275.0,Education,53400.0,1.0
2013,5,Bulgaria,434.0,Education,53400.0,1.0
2013,6,Bulgaria,693.0,Education,53400.0,1.0
2013,7,Bulgaria,939.0,Education,53400.0,1.0
2013,8,Bulgaria,1230.0,Education,53400.0,1.0
2013,9,Bulgaria,1247.0,Education,53400.0,1.0
2013,10,Bulgaria,412.0,Education,53400.0,1.0
2013,11,Bulgaria,412.0,Education,53400.0,1.0
2013,12,Bulgaria,632.0,Education,53400.0,1.0
2013,1,Canada,790.0,Agriculture,2379710.0,0.02815959978543178
2013,1,Canada,790.0,Education,70009343.2,0.8284350134062302
2013,1,Canada,790.0,Infrastructure,12118895.0,0.14340538680833811
2013,2,Canada,661.0,Agriculture,2379710.0,0.02815959978543178
2013,2,Canada,661.0,Education,70009343.2,0.8284350134062302
2013,2,Canada,661.0,Infrastructure,12118895.0,0.14340538680833811
2013,3,Canada,830.0,Agriculture,2379710.0,0.02815959978543178
2013,3,Canada,830.0,Education,70009343.2,0.8284350134062302
2013,3,Canada,830.0,Infrastructure,12118895.0,0.14340538680833811
2013,4,Canada,777.0,Agriculture,2379710.0,0.02815959978543178
2013,4,Canada,777.0,Education,70009343.2,0.8284350134062302
2013,4,Canada,777.0,Infrastructure,12118895.0,0.14340538680833811
2013,5,Canada,831.0,Agriculture,2379710.0,0.02815959978543178
2013,5,Canada,831.0,Education,70009343.2,0.8284350134062302
2013,5,Canada,831.0,Infrastructure,12118895.0,0.14340538680833811
2013,6,Canada,912.0,Agriculture,2379710.0,0.02815959978543178
2013,6,Canada,912.0,Education,70009343.2,0.8284350134062302
2013,6,Canada,912.0,Infrastructure,12118895.0,0.14340538680833811
2013,7,Canada,1110.0,Agriculture,2379710.0,0.02815959978543178
2013,7,Canada,1110.0,Education,70009343.2,0.8284350134062302
2013,7,Canada,1110.0,Infrastructure,12118895.0,0.14340538680833811
2013,8,Canada,1140.0,Agriculture,2379710.0,0.02815959978543178
2013,8,Canada,1140.0,Education,70009343.2,0.8284350134062302
2013,8,Canada,1140.0,Infrastructure,12118895.0,0.14340538680833811
2013,9,Canada,968.0,Agriculture,2379710.0,0.02815959978543178
2013,9,Canada,968.0,Education,70009343.2,0.8284350134062302
2013,9,Canada,968.0,Infrastructure,12118895.0,0.14340538680833811
2013,10,Canada,730.0,Agriculture,2379710.0,0.02815959978543178
2013,10,Canada,730.0,Education,70009343.2,0.8284350134062302
2013,10,Canada,730.0,Infrastructure,12118895.0,0.14340538680833811
2013,11,Canada,692.0,Agriculture,2379710.0,0.02815959978543178
2013,11,Canada,692.0,Education,70009343.2,0.8284350134062302
2013,11,Canada,692.0,Infrastructure,12118895.0,0.14340538680833811
2013,12,Canada,941.0,Agriculture,2379710.0,0.02815959978543178
2013,12,Canada,941.0,Education,70009343.2,0.8284350134062302
2013,12,Canada,941.0,Infrastructure,12118895.0,0.14340538680833811
2013,1,Croatia,168.0,Education,53400.0,1.0
2013,2,Croatia,145.0,Education,53400.0,1.0
2013,3,Croatia,105.0,Education,53400.0,1.0
2013,4,Croatia,95.0,Education,53400.0,1.0
2013,5,Croatia,46.0,Education,53400.0,1.0
2013,6,Croatia,50.0,Education,53400.0,1.0
2013,7,Croatia,79.0,Education,53400.0,1.0
2013,8,Croatia,95.0,Education,53400.0,1.0
2013,9,Croatia,57.0,Education,53400.0,1.0
2013,10,Croatia,38.0,Education,53400.0,1.0
2013,11,Croatia,170.0,Education,53400.0,1.0
2013,12,Croatia,41.0,Education,53400.0,1.0
2013,1,Greece,754.0,Agriculture,7000.0,0.11589403973509933
2013,1,Greece,754.0,Education,53400.0,0.8841059602649006
2013,2,Greece,707.0,Agriculture,7000.0,0.11589403973509933
2013,2,Greece,707.0,Education,53400.0,0.8841059602649006
2013,3,Greece,744.0,Agriculture,7000.0,0.11589403973509933
2013,3,Greece,744.0,Education,53400.0,0.8841059602649006
2013,4,Greece,594.0,Agriculture,7000.0,0.11589403973509933
2013,4,Greece,594.0,Education,53400.0,0.8841059602649006
2013,5,Greece,776.0,Agriculture,7000.0,0.11589403973509933
2013,5,Greece,776.0,Education,53400.0,0.8841059602649006
2013,6,Greece,608.0,Agriculture,7000.0,0.11589403973509933
2013,6,Greece,608.0,Education,53400.0,0.8841059602649006
2013,7,Greece,676.0,Agriculture,7000.0,0.11589403973509933
2013,7,Greece,676.0,Education,53400.0,0.8841059602649006
2013,8,Greece,833.0,Agriculture,7000.0,0.11589403973509933
2013,8,Greece,833.0,Education,53400.0,0.8841059602649006
2013,9,Greece,761.0,Agriculture,7000.0,0.11589403973509933
2013,9,Greece,761.0,Education,53400.0,0.8841059602649006
2013,10,Greece,536.0,Agriculture,7000.0,0.11589403973509933
2013,10,Greece,536.0,Education,53400.0,0.8841059602649006
2013,11,Greece,608.0,Agriculture,7000.0,0.11589403973509933
2013,11,Greece,608.0,Education,53400.0,0.8841059602649006
2013,12,Greece,628.0,Agriculture,7000.0,0.11589403973509933
2013,12,Greece,628.0,Education,53400.0,0.8841059602649006
2013,1,Montenegro,62.0,Education,53400.0,1.0
2013,2,Montenegro,129.0,Education,53400.0,1.0
2013,3,Montenegro,224.0,Education,53400.0,1.0
2013,4,Montenegro,193.0,Education,53400.0,1.0
2013,5,Montenegro,587.0,Education,53400.0,1.0
2013,6,Montenegro,523.0,Education,53400.0,1.0
2013,7,Montenegro,534.0,Education,53400.0,1.0
2013,8,Montenegro,340.0,Education,53400.0,1.0
2013,9,Montenegro,234.0,Education,53400.0,1.0
2013,10,Montenegro,295.0,Education,53400.0,1.0
2013,11,Montenegro,164.0,Education,53400.0,1.0
2013,12,Montenegro,269.0,Education,53400.0,1.0
2013,1,Romania,121.0,Education,53400.0,1.0
2013,2,Romania,94.0,Education,53400.0,1.0
2013,3,Romania,131.0,Education,53400.0,1.0
2013,4,Romania,137.0,Education,53400.0,1.0
2013,5,Romania,184.0,Education,53400.0,1.0
2013,6,Romania,95.0,Education,53400.0,1.0
2013,7,Romania,183.0,Education,53400.0,1.0
2013,8,Romania,135.0,Education,53400.0,1.0
2013,9,Romania,112.0,Education,53400.0,1.0
2013,10,Romania,103.0,Education,53400.0,1.0
2013,11,Romania,125.0,Education,53400.0,1.0
2013,12,Romania,79.0,Education,53400.0,1.0
2013,1,Slovenia,49.0,Education,53400.0,1.0
2013,2,Slovenia,14.0,Education,53400.0,1.0
2013,3,Slovenia,21.0,Education,53400.0,1.0
2013,4,Slovenia,30.0,Education,53400.0,1.0
2013,5,Slovenia,13.0,Education,53400.0,1.0
2013,6,Slovenia,16.0,Education,53400.0,1.0
2013,7,Slovenia,14.0,Education,53400.0,1.0
2013,8,Slovenia,19.0,Education,53400.0,1.0
2013,9,Slovenia,4.0,Education,53400.0,1.0
2013,10,Slovenia,22.0,Education,53400.0,1.0
2013,11,Slovenia,31.0,Education,53400.0,1.0
2013,12,Slovenia,9.0,Education,53400.0,1.0
2013,1,Turkey,2076.0,Education,242260.0,0.002213587329062832
2013,1,Turkey,2076.0,Emergency aid,109200000.0,0.9977864126709372
2013,2,Turkey,2735.0,Education,242260.0,0.002213587329062832
2013,2,Turkey,2735.0,Emergency aid,109200000.0,0.9977864126709372
2013,3,Turkey,3076.0,Education,242260.0,0.002213587329062832
2013,3,Turkey,3076.0,Emergency aid,109200000.0,0.9977864126709372
2013,4,Turkey,3068.0,Education,242260.0,0.002213587329062832
2013,4,Turkey,3068.0,Emergency aid,109200000.0,0.9977864126709372
2013,5,Turkey,3829.0,Education,242260.0,0.002213587329062832
2013,5,Turkey,3829.0,Emergency aid,109200000.0,0.9977864126709372
2013,6,Turkey,3578.0,Education,242260.0,0.002213587329062832
2013,6,Turkey,3578.0,Emergency aid,109200000.0,0.9977864126709372
2013,7,Turkey,5325.0,Education,242260.0,0.002213587329062832
2013,7,Turkey,5325.0,Emergency aid,109200000.0,0.9977864126709372
2013,8,Turkey,4406.0,Education,242260.0,0.002213587329062832
2013,8,Turkey,4406.0,Emergency aid,109200000.0,0.9977864126709372
2013,9,Turkey,5174.0,Education,242260.0,0.002213587329062832
2013,9,Turkey,5174.0,Emergency aid,109200000.0,0.9977864126709372
2013,10,Turkey,3810.0,Education,242260.0,0.002213587329062832
2013,10,Turkey,3810.0,Emergency aid,109200000.0,0.9977864126709372
2013,11,Turkey,2661.0,Education,242260.0,0.002213587329062832
2013,11,Turkey,2661.0,Emergency aid,109200000.0,0.9977864126709372
2013,12,Turkey,5069.0,Education,242260.0,0.002213587329062832
2013,12,Turkey,5069.0,Emergency aid,109200000.0,0.9977864126709372
2014,1,Albania,8.0,Agriculture,37000000.0,0.9791887976567218
2014,1,Albania,8.0,Environment,148328.0,0.003925435566995304
2014,1,Albania,8.0,Infrastructure,638052.0,0.01688576677628288
2014,2,Albania,5.0,Agriculture,37000000.0,0.9791887976567218
2014,2,Albania,5.0,Environment,148328.0,0.003925435566995304
2014,2,Albania,5.0,Infrastructure,638052.0,0.01688576677628288
2014,3,Albania,2.0,Agriculture,37000000.0,0.9791887976567218
2014,3,Albania,2.0,Environment,148328.0,0.003925435566995304
2014,3,Albania,2.0,Infrastructure,638052.0,0.01688576677628288
2014,4,Albania,9.0,Agriculture,37000000.0,0.9791887976567218
2014,4,Albania,9.0,Environment,148328.0,0.003925435566995304
2014,4,Albania,9.0,Infrastructure,638052.0,0.01688576677628288
2014,5,Albania,19.0,Agriculture,37000000.0,0.9791887976567218
2014,5,Albania,19.0,Environment,148328.0,0.003925435566995304
2014,5,Albania,19.0,Infrastructure,638052.0,0.01688576677628288
2014,6,Albania,12.0,Agriculture,37000000.0,0.9791887976567218
2014,6,Albania,12.0,Environment,148328.0,0.003925435566995304
2014,6,Albania,12.0,Infrastructure,638052.0,0.01688576677628288
2014,7,Albania,14.0,Agriculture,37000000.0,0.9791887976567218
2014,7,Albania,14.0,Environment,148328.0,0.003925435566995304
2014,7,Albania,14.0,Infrastructure,638052.0,0.01688576677628288
2014,8,Albania,34.0,Agriculture,37000000.0,0.9791887976567218
2014,8,Albania,34.0,Environment,148328.0,0.003925435566995304
2014,8,Albania,34.0,Infrastructure,638052.0,0.01688576677628288
2014,9,Albania,270.0,Agriculture,37000000.0,0.9791887976567218
2014,9,Albania,270.0,Environment,148328.0,0.003925435566995304
2014,9,Albania,270.0,Infrastructure,638052.0,0.01688576677628288
2014,10,Albania,10.0,Agriculture,37000000.0,0.9791887976567218
2014,10,Albania,10.0,Environment,148328.0,0.003925435566995304
2014,10,Albania,10.0,Infrastructure,638052.0,0.01688576677628288
2014,11,Albania,33.0,Agriculture,37000000.0,0.9791887976567218
2014,11,Albania,33.0,Environment,148328.0,0.003925435566995304
2014,11,Albania,33.0,Infrastructure,638052.0,0.01688576677628288
2014,12,Albania,12.0,Agriculture,37000000.0,0.9791887976567218
2014,12,Albania,12.0,Environment,148328.0,0.003925435566995304
2014,12,Albania,12.0,Infrastructure,638052.0,0.01688576677628288
2014,1,Australia,686.0,Agriculture,5402805.0,1.0
2014,2,Australia,699.0,Agriculture,5402805.0,1.0
2014,3,Australia,727.0,Agriculture,5402805.0,1.0
2014,4,Australia,829.0,Agriculture,5402805.0,1.0
2014,5,Australia,739.0,Agriculture,5402805.0,1.0
2014,6,Australia,799.0,Agriculture,5402805.0,1.0
2014,7,Australia,772.0,Agriculture,5402805.0,1.0
2014,8,Australia,715.0,Agriculture,5402805.0,1.0
2014,9,Australia,626.0,Agriculture,5402805.0,1.0
2014,10,Australia,817.0,Agriculture,5402805.0,1.0
2014,11,Australia,831.0,Agriculture,5402805.0,1.0
2014,12,Australia,763.0,Agriculture,5402805.0,1.0
2014,1,Austria,1327.0,Education,3314503.0,1.0
2014,2,Austria,1030.0,Education,3314503.0,1.0
2014,3,Austria,1188.0,Education,3314503.0,1.0
2014,4,Austria,1523.0,Education,3314503.0,1.0
2014,5,Austria,2012.0,Education,3314503.0,1.0
2014,6,Austria,2256.0,Education,3314503.0,1.0
2014,7,Austria,3090.0,Education,3314503.0,1.0
2014,8,Austria,2975.0,Education,3314503.0,1.0
2014,9,Austria,3540.0,Education,3314503.0,1.0
2014,10,Austria,1589.0,Education,3314503.0,1.0
2014,11,Austria,1121.0,Education,3314503.0,1.0
2014,12,Austria,4051.0,Education,3314503.0,1.0
2014,1,Belgium,1017.0,Education,3314503.0,1.0
2014,2,Belgium,780.0,Education,3314503.0,1.0
2014,3,Belgium,902.0,Education,3314503.0,1.0
2014,4,Belgium,856.0,Education,3314503.0,1.0
2014,5,Belgium,1220.0,Education,3314503.0,1.0
2014,6,Belgium,1450.0,Education,3314503.0,1.0
2014,7,Belgium,1710.0,Education,3314503.0,1.0
2014,8,Belgium,1546.0,Education,3314503.0,1.0
2014,9,Belgium,1161.0,Education,3314503.0,1.0
2014,10,Belgium,1048.0,Education,3314503.0,1.0
2014,11,Belgium,818.0,Education,3314503.0,1.0
2014,12,Belgium,1364.0,Education,3314503.0,1.0
2014,1,Bulgaria,808.0,Infrastructure,638052.0,1.0
2014,2,Bulgaria,768.0,Infrastructure,638052.0,1.0
2014,3,Bulgaria,293.0,Infrastructure,638052.0,1.0
2014,4,Bulgaria,517.0,Infrastructure,638052.0,1.0
2014,5,Bulgaria,892.0,Infrastructure,638052.0,1.0
2014,6,Bulgaria,1089.0,Infrastructure,638052.0,1.0
2014,7,Bulgaria,1194.0,Infrastructure,638052.0,1.0
2014,8,Bulgaria,1388.0,Infrastructure,638052.0,1.0
2014,9,Bulgaria,1355.0,Infrastructure,638052.0,1.0
2014,10,Bulgaria,609.0,Infrastructure,638052.0,1.0
2014,11,Bulgaria,393.0,Infrastructure,638052.0,1.0
2014,12,Bulgaria,1482.0,Infrastructure,638052.0,1.0
2014,1,Canada,1061.0,Agriculture,2339352.0,0.03446310598312501
2014,1,Canada,1061.0,Education,53493604.55,0.7880625758868389
2014,1,Canada,1061.0,Infrastructure,12046938.0,0.17747431813003606
2014,2,Canada,915.0,Agriculture,2339352.0,0.03446310598312501
2014,2,Canada,915.0,Education,53493604.55,0.7880625758868389
2014,2,Canada,915.0,Infrastructure,12046938.0,0.17747431813003606
2014,3,Canada,902.0,Agriculture,2339352.0,0.03446310598312501
2014,3,Canada,902.0,Education,53493604.55,0.7880625758868389
2014,3,Canada,902.0,Infrastructure,12046938.0,0.17747431813003606
2014,4,Canada,976.0,Agriculture,2339352.0,0.03446310598312501
2014,4,Canada,976.0,Education,53493604.55,0.7880625758868389
2014,4,Canada,976.0,Infrastructure,12046938.0,0.17747431813003606
2014,5,Canada,1087.0,Agriculture,2339352.0,0.03446310598312501
2014,5,Canada,1087.0,Education,53493604.55,0.7880625758868389
2014,5,Canada,1087.0,Infrastructure,12046938.0,0.17747431813003606
2014,6,Canada,1023.0,Agriculture,2339352.0,0.03446310598312501
2014,6,Canada,1023.0,Education,53493604.55,0.7880625758868389
2014,6,Canada,1023.0,Infrastructure,12046938.0,0.17747431813003606
2014,7,Canada,1516.0,Agriculture,2339352.0,0.03446310598312501
2014,7,Canada,1516.0,Education,53493604.55,0.7880625758868389
2014,7,Canada,1516.0,Infrastructure,12046938.0,0.17747431813003606
2014,8,Canada,1519.0,Agriculture,2339352.0,0.03446310598312501
2014,8,Canada,1519.0,Education,53493604.55,0.7880625758868389
2014,8,Canada,1519.0,Infrastructure,12046938.0,0.17747431813003606
2014,9,Canada,1311.0,Agriculture,2339352.0,0.03446310598312501
2014,9,Canada,1311.0,Education,53493604.55,0.7880625758868389
2014,9,Canada,1311.0,Infrastructure,12046938.0,0.17747431813003606
2014,10,Canada,932.0,Agriculture,2339352.0,0.03446310598312501
2014,10,Canada,932.0,Education,53493604.55,0.7880625758868389
2014,10,Canada,932.0,Infrastructure,12046938.0,0.17747431813003606
2014,11,Canada,1003.0,Agriculture,2339352.0,0.03446310598312501
2014,11,Canada,1003.0,Education,53493604.55,0.7880625758868389
2014,11,Canada,1003.0,Infrastructure,12046938.0,0.17747431813003606
2014,12,Canada,1209.0,Agriculture,2339352.0,0.03446310598312501
2014,12,Canada,1209.0,Education,53493604.55,0.7880625758868389
2014,12,Canada,1209.0,Infrastructure,12046938.0,0.17747431813003606
2014,1,Croatia,53.0,Infrastructure,638052.0,1.0
2014,2,Croatia,31.0,Infrastructure,638052.0,1.0
2014,3,Croatia,34.0,Infrastructure,638052.0,1.0
2014,4,Croatia,34.0,Infrastructure,638052.0,1.0
2014,5,Croatia,43.0,Infrastructure,638052.0,1.0
2014,6,Croatia,43.0,Infrastructure,638052.0,1.0
2014,7,Croatia,37.0,Infrastructure,638052.0,1.0
2014,8,Croatia,43.0,Infrastructure,638052.0,1.0
2014,9,Croatia,32.0,Infrastructure,638052.0,1.0
2014,10,Croatia,33.0,Infrastructure,638052.0,1.0
2014,11,Croatia,43.0,Infrastructure,638052.0,1.0
2014,12,Croatia,26.0,Infrastructure,638052.0,1.0
2014,1,Denmark,569.0,Education,244536.0,1.0
2014,2,Denmark,446.0,Education,244536.0,1.0
2014,3,Denmark,614.0,Education,244536.0,1.0
2014,4,Denmark,723.0,Education,244536.0,1.0
2014,5,Denmark,1738.0,Education,244536.0,1.0
2014,6,Denmark,2308.0,Education,244536.0,1.0
2014,7,Denmark,3150.0,Education,244536.0,1.0
2014,8,Denmark,1862.0,Education,244536.0,1.0
2014,9,Denmark,1116.0,Education,244536.0,1.0
2014,10,Denmark,1012.0,Education,244536.0,1.0
2014,11,Denmark,508.0,Education,244536.0,1.0
2014,12,Denmark,769.0,Education,244536.0,1.0
2014,1,Greece,760.0,Agriculture,74250.0,0.10423949392252163
2014,1,Greece,760.0,Infrastructure,638052.0,0.8957605060774784
2014,2,Greece,888.0,Agriculture,74250.0,0.10423949392252163
2014,2,Greece,888.0,Infrastructure,638052.0,0.8957605060774784
2014,3,Greece,842.0,Agriculture,74250.0,0.10423949392252163
2014,3,Greece,842.0,Infrastructure,638052.0,0.8957605060774784
2014,4,Greece,846.0,Agriculture,74250.0,0.10423949392252163
2014,4,Greece,846.0,Infrastructure,638052.0,0.8957605060774784
2014,5,Greece,889.0,Agriculture,74250.0,0.10423949392252163
2014,5,Greece,889.0,Infrastructure,638052.0,0.8957605060774784
2014,6,Greece,509.0,Agriculture,74250.0,0.10423949392252163
2014,6,Greece,509.0,Infrastructure,638052.0,0.8957605060774784
2014,7,Greece,674.0,Agriculture,74250.0,0.10423949392252163
2014,7,Greece,674.0,Infrastructure,638052.0,0.8957605060774784
2014,8,Greece,888.0,Agriculture,74250.0,0.10423949392252163
2014,8,Greece,888.0,Infrastructure,638052.0,0.8957605060774784
2014,9,Greece,669.0,Agriculture,74250.0,0.10423949392252163
2014,9,Greece,669.0,Infrastructure,638052.0,0.8957605060774784
2014,10,Greece,729.0,Agriculture,74250.0,0.10423949392252163
2014,10,Greece,729.0,Infrastructure,638052.0,0.8957605060774784
2014,11,Greece,798.0,Agriculture,74250.0,0.10423949392252163
2014,11,Greece,798.0,Infrastructure,638052.0,0.8957605060774784
2014,12,Greece,957.0,Agriculture,74250.0,0.10423949392252163
2014,12,Greece,957.0,Infrastructure,638052.0,0.8957605060774784
2014,1,Montenegro,74.0,Infrastructure,638052.0,1.0
2014,2,Montenegro,1.0,Infrastructure,638052.0,1.0
2014,3,Montenegro,85.0,Infrastructure,638052.0,1.0
2014,4,Montenegro,113.0,Infrastructure,638052.0,1.0
2014,5,Montenegro,168.0,Infrastructure,638052.0,1.0
2014,6,Montenegro,77.0,Infrastructure,638052.0,1.0
2014,7,Montenegro,126.0,Infrastructure,638052.0,1.0
2014,8,Montenegro,646.0,Infrastructure,638052.0,1.0
2014,9,Montenegro,469.0,Infrastructure,638052.0,1.0
2014,10,Montenegro,194.0,Infrastructure,638052.0,1.0
2014,11,Montenegro,43.0,Infrastructure,638052.0,1.0
2014,12,Montenegro,316.0,Infrastructure,638052.0,1.0
2014,1,Norway,696.0,Emergency aid,5316334.0,1.0
2014,2,Norway,553.0,Emergency aid,5316334.0,1.0
2014,3,Norway,776.0,Emergency aid,5316334.0,1.0
2014,4,Norway,1233.0,Emergency aid,5316334.0,1.0
2014,5,Norway,971.0,Emergency aid,5316334.0,1.0
2014,6,Norway,1068.0,Emergency aid,5316334.0,1.0
2014,7,Norway,1274.0,Emergency aid,5316334.0,1.0
2014,8,Norway,1014.0,Emergency aid,5316334.0,1.0
2014,9,Norway,832.0,Emergency aid,5316334.0,1.0
2014,10,Norway,1155.0,Emergency aid,5316334.0,1.0
2014,11,Norway,656.0,Emergency aid,5316334.0,1.0
2014,12,Norway,735.0,Emergency aid,5316334.0,1.0
2014,1,Romania,114.0,Infrastructure,638052.0,1.0
2014,2,Romania,132.0,Infrastructure,638052.0,1.0
2014,3,Romania,78.0,Infrastructure,638052.0,1.0
2014,4,Romania,120.0,Infrastructure,638052.0,1.0
2014,5,Romania,147.0,Infrastructure,638052.0,1.0
2014,6,Romania,89.0,Infrastructure,638052.0,1.0
2014,7,Romania,270.0,Infrastructure,638052.0,1.0
2014,8,Romania,196.0,Infrastructure,638052.0,1.0
2014,9,Romania,82.0,Infrastructure,638052.0,1.0
2014,10,Romania,116.0,Infrastructure,638052.0,1.0
2014,11,Romania,104.0,Infrastructure,638052.0,1.0
2014,12,Romania,98.0,Infrastructure,638052.0,1.0
2014,1,Slovenia,15.0,Infrastructure,638052.0,1.0
2014,2,Slovenia,28.0,Infrastructure,638052.0,1.0
2014,3,Slovenia,37.0,Infrastructure,638052.0,1.0
2014,4,Slovenia,33.0,Infrastructure,638052.0,1.0
2014,5,Slovenia,26.0,Infrastructure,638052.0,1.0
2014,6,Slovenia,28.0,Infrastructure,638052.0,1.0
2014,7,Slovenia,53.0,Infrastructure,638052.0,1.0
2014,8,Slovenia,40.0,Infrastructure,638052.0,1.0
2014,9,Slovenia,15.0,Infrastructure,638052.0,1.0
2014,10,Slovenia,25.0,Infrastructure,638052.0,1.0
2014,11,Slovenia,28.0,Infrastructure,638052.0,1.0
2014,12,Slovenia,33.0,Infrastructure,638052.0,1.0
2014,1,Switzerland,1693.0,Education,2871500.0,1.0
2014,2,Switzerland,1363.0,Education,2871500.0,1.0
2014,3,Switzerland,1372.0,Education,2871500.0,1.0
2014,4,Switzerland,1572.0,Education,2871500.0,1.0
2014,5,Switzerland,2748.0,Education,2871500.0,1.0
2014,6,Switzerland,2382.0,Education,2871500.0,1.0
2014,7,Switzerland,2237.0,Education,2871500.0,1.0
2014,8,Switzerland,2267.0,Education,2871500.0,1.0
2014,9,Switzerland,1582.0,Education,2871500.0,1.0
2014,10,Switzerland,2096.0,Education,2871500.0,1.0
2014,11,Switzerland,1419.0,Education,2871500.0,1.0
2014,12,Switzerland,1382.0,Education,2871500.0,1.0
2014,1,Turkey,3370.0,Education,7700.0,6.0417492390867806e-05
2014,1,Turkey,3370.0,Emergency aid,127438834.03,0.9999395825076092
2014,2,Turkey,3703.0,Education,7700.0,6.0417492390867806e-05
2014,2,Turkey,3703.0,Emergency aid,127438834.03,0.9999395825076092
2014,3,Turkey,4190.0,Education,7700.0,6.0417492390867806e-05
2014,3,Turkey,4190.0,Emergency aid,127438834.03,0.9999395825076092
2014,4,Turkey,4071.0,Education,7700.0,6.0417492390867806e-05
2014,4,Turkey,4071.0,Emergency aid,127438834.03,0.9999395825076092
2014,5,Turkey,10530.0,Education,7700.0,6.0417492390867806e-05
2014,5,Turkey,10530.0,Emergency aid,127438834.03,0.9999395825076092
2014,6,Turkey,9993.0,Education,7700.0,6.0417492390867806e-05
2014,6,Turkey,9993.0,Emergency aid,127438834.03,0.9999395825076092
2014,7,Turkey,11771.0,Education,7700.0,6.0417492390867806e-05
2014,7,Turkey,11771.0,Emergency aid,127438834.03,0.9999395825076092
2014,8,Turkey,9691.0,Education,7700.0,6.0417492390867806e-05
2014,8,Turkey,9691.0,Emergency aid,127438834.03,0.9999395825076092
2014,9,Turkey,9077.0,Education,7700.0,6.0417492390867806e-05
2014,9,Turkey,9077.0,Emergency aid,127438834.03,0.9999395825076092
2014,10,Turkey,8400.0,Education,7700.0,6.0417492390867806e-05
2014,10,Turkey,8400.0,Emergency aid,127438834.03,0.9999395825076092
2014,11,Turkey,3993.0,Education,7700.0,6.0417492390867806e-05
2014,11,Turkey,3993.0,Emergency aid,127438834.03,0.9999395825076092
2014,12,Turkey,9031.0,Education,7700.0,6.0417492390867806e-05
2014,12,Turkey,9031.0,Emergency aid,127438834.03,0.9999395825076092
2015,1,Albania,2.0,Environment,401002.0,1.0
2015,2,Albania,6.0,Environment,401002.0,1.0
2015,3,Albania,33.0,Environment,401002.0,1.0
2015,4,Albania,7.0,Environment,401002.0,1.0
2015,5,Albania,42.0,Environment,401002.0,1.0
2015,6,Albania,36.0,Environment,401002.0,1.0
2015,7,Albania,38.0,Environment,401002.0,1.0
2015,8,Albania,151.0,Environment,401002.0,1.0
2015,9,Albania,74.0,Environment,401002.0,1.0
2015,10,Albania,63.0,Environment,401002.0,1.0
2015,11,Albania,2.0,Environment,401002.0,1.0
2015,12,Albania,131.0,Environment,401002.0,1.0
2015,1,Australia,518.0,Agriculture,800747.0,0.7305105975749603
2015,1,Australia,518.0,Education,295400.0,0.2694894024250397
2015,2,Australia,633.0,Agriculture,800747.0,0.7305105975749603
2015,2,Australia,633.0,Education,295400.0,0.2694894024250397
2015,3,Australia,680.0,Agriculture,800747.0,0.7305105975749603
2015,3,Australia,680.0,Education,295400.0,0.2694894024250397
2015,4,Australia,756.0,Agriculture,800747.0,0.7305105975749603
2015,4,Australia,756.0,Education,295400.0,0.2694894024250397
2015,5,Australia,1032.0,Agriculture,800747.0,0.7305105975749603
2015,5,Australia,1032.0,Education,295400.0,0.2694894024250397
2015,6,Australia,1244.0,Agriculture,800747.0,0.7305105975749603
2015,6,Australia,1244.0,Education,295400.0,0.2694894024250397
2015,7,Australia,1503.0,Agriculture,800747.0,0.7305105975749603
2015,7,Australia,1503.0,Education,295400.0,0.2694894024250397
2015,8,Australia,1526.0,Agriculture,800747.0,0.7305105975749603
2015,8,Australia,1526.0,Education,295400.0,0.2694894024250397
2015,9,Australia,1217.0,Agriculture,800747.0,0.7305105975749603
2015,9,Australia,1217.0,Education,295400.0,0.2694894024250397
2015,10,Australia,1035.0,Agriculture,800747.0,0.7305105975749603
2015,10,Australia,1035.0,Education,295400.0,0.2694894024250397
2015,11,Australia,812.0,Agriculture,800747.0,0.7305105975749603
2015,11,Australia,812.0,Education,295400.0,0.2694894024250397
2015,12,Australia,1402.0,Agriculture,800747.0,0.7305105975749603
2015,12,Australia,1402.0,Education,295400.0,0.2694894024250397
2015,1,Austria,3930.0,Education,784153.0,1.0
2015,2,Austria,3059.0,Education,784153.0,1.0
2015,3,Austria,3696.0,Education,784153.0,1.0
2015,4,Austria,6183.0,Education,784153.0,1.0
2015,5,Austria,8627.0,Education,784153.0,1.0
2015,6,Austria,8380.0,Education,784153.0,1.0
2015,7,Austria,10474.0,Education,784153.0,1.0
2015,8,Austria,12020.0,Education,784153.0,1.0
2015,9,Austria,11872.0,Education,784153.0,1.0
2015,10,Austria,7480.0,Education,784153.0,1.0
2015,11,Austria,2763.0,Education,784153.0,1.0
2015,12,Austria,7133.0,Education,784153.0,1.0
2015,1,Belgium,1198.0,Education,784153.0,1.0
2015,2,Belgium,1049.0,Education,784153.0,1.0
2015,3,Belgium,1067.0,Education,784153.0,1.0
2015,4,Belgium,1590.0,Education,784153.0,1.0
2015,5,Belgium,3127.0,Education,784153.0,1.0
2015,6,Belgium,5144.0,Education,784153.0,1.0
2015,7,Belgium,6354.0,Education,784153.0,1.0
2015,8,Belgium,5379.0,Education,784153.0,1.0
2015,9,Belgium,5485.0,Education,784153.0,1.0
2015,10,Belgium,2262.0,Education,784153.0,1.0
2015,11,Belgium,1161.0,Education,784153.0,1.0
2015,12,Belgium,4879.0,Education,784153.0,1.0
2015,1,Bulgaria,1056.0,Education,600.0,1.0
2015,2,Bulgaria,1028.0,Education,600.0,1.0
2015,3,Bulgaria,1118.0,Education,600.0,1.0
2015,4,Bulgaria,1326.0,Education,600.0,1.0
2015,5,Bulgaria,1849.0,Education,600.0,1.0
2015,6,Bulgaria,1433.0,Education,600.0,1.0
2015,7,Bulgaria,2059.0,Education,600.0,1.0
2015,8,Bulgaria,3529.0,Education,600.0,1.0
2015,9,Bulgaria,2396.0,Education,600.0,1.0
2015,10,Bulgaria,1606.0,Education,600.0,1.0
2015,11,Bulgaria,1104.0,Education,600.0,1.0
2015,12,Bulgaria,1659.0,Education,600.0,1.0
2015,1,Canada,1161.0,Agriculture,66179087.72,0.23237797873090196
2015,1,Canada,1161.0,Education,129269726.4,0.4539113301020995
2015,1,Canada,1161.0,Infrastructure,89341888.0,0.31371069116699857
2015,2,Canada,1147.0,Agriculture,66179087.72,0.23237797873090196
2015,2,Canada,1147.0,Education,129269726.4,0.4539113301020995
2015,2,Canada,1147.0,Infrastructure,89341888.0,0.31371069116699857
2015,3,Canada,1135.0,Agriculture,66179087.72,0.23237797873090196
2015,3,Canada,1135.0,Education,129269726.4,0.4539113301020995
2015,3,Canada,1135.0,Infrastructure,89341888.0,0.31371069116699857
2015,4,Canada,1163.0,Agriculture,66179087.72,0.23237797873090196
2015,4,Canada,1163.0,Education,129269726.4,0.4539113301020995
2015,4,Canada,1163.0,Infrastructure,89341888.0,0.31371069116699857
2015,5,Canada,1363.0,Agriculture,66179087.72,0.23237797873090196
2015,5,Canada,1363.0,Education,129269726.4,0.4539113301020995
2015,5,Canada,1363.0,Infrastructure,89341888.0,0.31371069116699857
2015,6,Canada,1302.0,Agriculture,66179087.72,0.23237797873090196
2015,6,Canada,1302.0,Education,129269726.4,0.4539113301020995
2015,6,Canada,1302.0,Infrastructure,89341888.0,0.31371069116699857
2015,7,Canada,1656.0,Agriculture,66179087.72,0.23237797873090196
2015,7,Canada,1656.0,Education,129269726.4,0.4539113301020995
2015,7,Canada,1656.0,Infrastructure,89341888.0,0.31371069116699857
2015,8,Canada,1470.0,Agriculture,66179087.72,0.23237797873090196
2015,8,Canada,1470.0,Education,129269726.4,0.4539113301020995
2015,8,Canada,1470.0,Infrastructure,89341888.0,0.31371069116699857
2015,9,Canada,1598.0,Agriculture,66179087.72,0.23237797873090196
2015,9,Canada,1598.0,Education,129269726.4,0.4539113301020995
2015,9,Canada,1598.0,Infrastructure,89341888.0,0.31371069116699857
2015,10,Canada,1339.0,Agriculture,66179087.72,0.23237797873090196
2015,10,Canada,1339.0,Education,129269726.4,0.4539113301020995
2015,10,Canada,1339.0,Infrastructure,89341888.0,0.31371069116699857
2015,11,Canada,1135.0,Agriculture,66179087.72,0.23237797873090196
2015,11,Canada,1135.0,Education,129269726.4,0.4539113301020995
2015,11,Canada,1135.0,Infrastructure,89341888.0,0.31371069116699857
2015,12,Canada,1598.0,Agriculture,66179087.72,0.23237797873090196
2015,12,Canada,1598.0,Education,129269726.4,0.4539113301020995
2015,12,Canada,1598.0,Infrastructure,89341888.0,0.31371069116699857
2015,1,Croatia,24.0,Agriculture,546462.0,1.0
2015,2,Croatia,25.0,Agriculture,546462.0,1.0
2015,3,Croatia,15.0,Agriculture,546462.0,1.0
2015,4,Croatia,10.0,Agriculture,546462.0,1.0
2015,5,Croatia,13.0,Agriculture,546462.0,1.0
2015,6,Croatia,10.0,Agriculture,546462.0,1.0
2015,7,Croatia,27.0,Agriculture,546462.0,1.0
2015,8,Croatia,20.0,Agriculture,546462.0,1.0
2015,9,Croatia,20.0,Agriculture,546462.0,1.0
2015,10,Croatia,11.0,Agriculture,546462.0,1.0
2015,11,Croatia,17.0,Agriculture,546462.0,1.0
2015,12,Croatia,19.0,Agriculture,546462.0,1.0
2015,1,France,4260.0,Education,643382.04,1.0
2015,2,France,5344.0,Education,643382.04,1.0
2015,3,France,5464.0,Education,643382.04,1.0
2015,4,France,4493.0,Education,643382.04,1.0
2015,5,France,5404.0,Education,643382.04,1.0
2015,6,France,5476.0,Education,643382.04,1.0
2015,7,France,7324.0,Education,643382.04,1.0
2015,8,France,8640.0,Education,643382.04,1.0
2015,9,France,7881.0,Education,643382.04,1.0
2015,10,France,5315.0,Education,643382.04,1.0
2015,11,France,6101.0,Education,643382.04,1.0
2015,12,France,8594.0,Education,643382.04,1.0
2015,1,Greece,926.0,Agriculture,2010848.0,0.08710523851265164
2015,1,Greece,926.0,Education,1430884.6,0.06198257867679712
2015,1,Greece,926.0,Emergency aid,19643537.98,0.8509121828105511
2015,2,Greece,895.0,Agriculture,2010848.0,0.08710523851265164
2015,2,Greece,895.0,Education,1430884.6,0.06198257867679712
2015,2,Greece,895.0,Emergency aid,19643537.98,0.8509121828105511
2015,3,Greece,854.0,Agriculture,2010848.0,0.08710523851265164
2015,3,Greece,854.0,Education,1430884.6,0.06198257867679712
2015,3,Greece,854.0,Emergency aid,19643537.98,0.8509121828105511
2015,4,Greece,1005.0,Agriculture,2010848.0,0.08710523851265164
2015,4,Greece,1005.0,Education,1430884.6,0.06198257867679712
2015,4,Greece,1005.0,Emergency aid,19643537.98,0.8509121828105511
2015,5,Greece,1066.0,Agriculture,2010848.0,0.08710523851265164
2015,5,Greece,1066.0,Education,1430884.6,0.06198257867679712
2015,5,Greece,1066.0,Emergency aid,19643537.98,0.8509121828105511
2015,6,Greece,881.0,Agriculture,2010848.0,0.08710523851265164
2015,6,Greece,881.0,Education,1430884.6,0.06198257867679712
2015,6,Greece,881.0,Emergency aid,19643537.98,0.8509121828105511
2015,7,Greece,941.0,Agriculture,2010848.0,0.08710523851265164
2015,7,Greece,941.0,Education,1430884.6,0.06198257867679712
2015,7,Greece,941.0,Emergency aid,19643537.98,0.8509121828105511
2015,8,Greece,847.0,Agriculture,2010848.0,0.08710523851265164
2015,8,Greece,847.0,Education,1430884.6,0.06198257867679712
2015,8,Greece,847.0,Emergency aid,19643537.98,0.8509121828105511
2015,9,Greece,1001.0,Agriculture,2010848.0,0.08710523851265164
2015,9,Greece,1001.0,Education,1430884.6,0.06198257867679712
2015,9,Greece,1001.0,Emergency aid,19643537.98,0.8509121828105511
2015,10,Greece,1000.0,Agriculture,2010848.0,0.08710523851265164
2015,10,Greece,1000.0,Education,1430884.6,0.06198257867679712
2015,10,Greece,1000.0,Emergency aid,19643537.98,0.8509121828105511
2015,11,Greece,789.0,Agriculture,2010848.0,0.08710523851265164
2015,11,Greece,789.0,Education,1430884.6,0.06198257867679712
2015,11,Greece,789.0,Emergency aid,19643537.98,0.8509121828105511
2015,12,Greece,1160.0,Agriculture,2010848.0,0.08710523851265164
2015,12,Greece,1160.0,Education,1430884.6,0.06198257867679712
2015,12,Greece,1160.0,Emergency aid,19643537.98,0.8509121828105511
2015,1,Netherlands,884.0,Education,17980432.0,1.0
2015,2,Netherlands,739.0,Education,17980432.0,1.0
2015,3,Netherlands,1086.0,Education,17980432.0,1.0
2015,4,Netherlands,2252.0,Education,17980432.0,1.0
2015,5,Netherlands,2991.0,Education,17980432.0,1.0
2015,6,Netherlands,5355.0,Education,17980432.0,1.0
2015,7,Netherlands,6442.0,Education,17980432.0,1.0
2015,8,Netherlands,9995.0,Education,17980432.0,1.0
2015,9,Netherlands,6243.0,Education,17980432.0,1.0
2015,10,Netherlands,2937.0,Education,17980432.0,1.0
2015,11,Netherlands,800.0,Education,17980432.0,1.0
2015,12,Netherlands,3375.0,Education,17980432.0,1.0
2015,1,Norway,566.0,Emergency aid,3954175.0,1.0
2015,2,Norway,483.0,Emergency aid,3954175.0,1.0
2015,3,Norway,524.0,Emergency aid,3954175.0,1.0
2015,4,Norway,1166.0,Emergency aid,3954175.0,1.0
2015,5,Norway,1349.0,Emergency aid,3954175.0,1.0
2015,6,Norway,2282.0,Emergency aid,3954175.0,1.0
2015,7,Norway,4897.0,Emergency aid,3954175.0,1.0
2015,8,Norway,8575.0,Emergency aid,3954175.0,1.0
2015,9,Norway,8110.0,Emergency aid,3954175.0,1.0
2015,10,Norway,1080.0,Emergency aid,3954175.0,1.0
2015,11,Norway,486.0,Emergency aid,3954175.0,1.0
2015,12,Norway,1005.0,Emergency aid,3954175.0,1.0
2015,1,Switzerland,1449.0,Education,9864467.0,1.0
2015,2,Switzerland,1309.0,Education,9864467.0,1.0
2015,3,Switzerland,1272.0,Education,9864467.0,1.0
2015,4,Switzerland,2080.0,Education,9864467.0,1.0
2015,5,Switzerland,3786.0,Education,9864467.0,1.0
2015,6,Switzerland,3791.0,Education,9864467.0,1.0
2015,7,Switzerland,4415.0,Education,9864467.0,1.0
2015,8,Switzerland,4642.0,Education,9864467.0,1.0
2015,9,Switzerland,5565.0,Education,9864467.0,1.0
2015,10,Switzerland,3670.0,Education,9864467.0,1.0
2015,11,Switzerland,1382.0,Education,9864467.0,1.0
2015,12,Switzerland,4762.0,Education,9864467.0,1.0
2015,1,Turkey,5879.0,Agriculture,413866216.0,0.6821580158841918
2015,1,Turkey,5879.0,Education,855998.3400000001,0.0014109055212531815
2015,1,Turkey,5879.0,Emergency aid,191979175.01999998,0.3164310785945552
2015,2,Turkey,5883.0,Agriculture,413866216.0,0.6821580158841918
2015,2,Turkey,5883.0,Education,855998.3400000001,0.0014109055212531815
2015,2,Turkey,5883.0,Emergency aid,191979175.01999998,0.3164310785945552
2015,3,Turkey,7109.0,Agriculture,413866216.0,0.6821580158841918
2015,3,Turkey,7109.0,Education,855998.3400000001,0.0014109055212531815
2015,3,Turkey,7109.0,Emergency aid,191979175.01999998,0.3164310785945552
2015,4,Turkey,7186.0,Agriculture,413866216.0,0.6821580158841918
2015,4,Turkey,7186.0,Education,855998.3400000001,0.0014109055212531815
2015,4,Turkey,7186.0,Emergency aid,191979175.01999998,0.3164310785945552
2015,5,Turkey,13509.0,Agriculture,413866216.0,0.6821580158841918
2015,5,Turkey,13509.0,Education,855998.3400000001,0.0014109055212531815
2015,5,Turkey,13509.0,Emergency aid,191979175.01999998,0.3164310785945552
2015,6,Turkey,13656.0,Agriculture,413866216.0,0.6821580158841918
2015,6,Turkey,13656.0,Education,855998.3400000001,0.0014109055212531815
2015,6,Turkey,13656.0,Emergency aid,191979175.01999998,0.3164310785945552
2015,7,Turkey,18452.0,Agriculture,413866216.0,0.6821580158841918
2015,7,Turkey,18452.0,Education,855998.3400000001,0.0014109055212531815
2015,7,Turkey,18452.0,Emergency aid,191979175.01999998,0.3164310785945552
2015,8,Turkey,23066.0,Agriculture,413866216.0,0.6821580158841918
2015,8,Turkey,23066.0,Education,855998.3400000001,0.0014109055212531815
2015,8,Turkey,23066.0,Emergency aid,191979175.01999998,0.3164310785945552
2015,9,Turkey,11820.0,Agriculture,413866216.0,0.6821580158841918
2015,9,Turkey,11820.0,Education,855998.3400000001,0.0014109055212531815
2015,9,Turkey,11820.0,Emergency aid,191979175.01999998,0.3164310785945552
2015,10,Turkey,11166.0,Agriculture,413866216.0,0.6821580158841918
2015,10,Turkey,11166.0,Education,855998.3400000001,0.0014109055212531815
2015,10,Turkey,11166.0,Emergency aid,191979175.01999998,0.3164310785945552
2015,11,Turkey,6476.0,Agriculture,413866216.0,0.6821580158841918
2015,11,Turkey,6476.0,Education,855998.3400000001,0.0014109055212531815
2015,11,Turkey,6476.0,Emergency aid,191979175.01999998,0.3164310785945552
2015,12,Turkey,9383.0,Agriculture,413866216.0,0.6821580158841918
2015,12,Turkey,9383.0,Education,855998.3400000001,0.0014109055212531815
2015,12,Turkey,9383.0,Emergency aid,191979175.01999998,0.3164310785945552
2016,1,Albania,4.0,Environment,315901.0,0.5882513961382972
2016,1,Albania,4.0,Infrastructure,221116.0,0.4117486038617027
2016,2,Albania,44.0,Environment,315901.0,0.5882513961382972
2016,2,Albania,44.0,Infrastructure,221116.0,0.4117486038617027
2016,3,Albania,66.0,Environment,315901.0,0.5882513961382972
2016,3,Albania,66.0,Infrastructure,221116.0,0.4117486038617027
2016,4,Albania,198.0,Environment,315901.0,0.5882513961382972
2016,4,Albania,198.0,Infrastructure,221116.0,0.4117486038617027
2016,5,Albania,369.0,Environment,315901.0,0.5882513961382972
2016,5,Albania,369.0,Infrastructure,221116.0,0.4117486038617027
2016,6,Albania,612.0,Environment,315901.0,0.5882513961382972
2016,6,Albania,612.0,Infrastructure,221116.0,0.4117486038617027
2016,7,Albania,640.0,Environment,315901.0,0.5882513961382972
2016,7,Albania,640.0,Infrastructure,221116.0,0.4117486038617027
2016,8,Albania,29.0,Environment,315901.0,0.5882513961382972
2016,8,Albania,29.0,Infrastructure,221116.0,0.4117486038617027
2016,9,Albania,36.0,Environment,315901.0,0.5882513961382972
2016,9,Albania,36.0,Infrastructure,221116.0,0.4117486038617027
2016,10,Albania,192.0,Environment,315901.0,0.5882513961382972
2016,10,Albania,192.0,Infrastructure,221116.0,0.4117486038617027
2016,11,Albania,2.0,Environment,315901.0,0.5882513961382972
2016,11,Albania,2.0,Infrastructure,221116.0,0.4117486038617027
2016,12,Albania,2.0,Environment,315901.0,0.5882513961382972
2016,12,Albania,2.0,Infrastructure,221116.0,0.4117486038617027
2016,1,Australia,1394.0,Agriculture,955397.0,1.0
2016,2,Australia,1955.0,Agriculture,955397.0,1.0
2016,3,Australia,1973.0,Agriculture,955397.0,1.0
2016,4,Australia,2496.0,Agriculture,955397.0,1.0
2016,5,Australia,1914.0,Agriculture,955397.0,1.0
2016,6,Australia,2265.0,Agriculture,955397.0,1.0
2016,7,Australia,2419.0,Agriculture,955397.0,1.0
2016,8,Australia,2546.0,Agriculture,955397.0,1.0
2016,9,Australia,3035.0,Agriculture,955397.0,1.0
2016,10,Australia,2129.0,Agriculture,955397.0,1.0
2016,11,Australia,2038.0,Agriculture,955397.0,1.0
2016,12,Australia,3038.0,Agriculture,955397.0,1.0
2016,1,Austria,5772.0,Education,2107852.0,1.0
2016,2,Austria,4974.0,Education,2107852.0,1.0
2016,3,Austria,4021.0,Education,2107852.0,1.0
2016,4,Austria,3758.0,Education,2107852.0,1.0
2016,5,Austria,2910.0,Education,2107852.0,1.0
2016,6,Austria,3070.0,Education,2107852.0,1.0
2016,7,Austria,2440.0,Education,2107852.0,1.0
2016,8,Austria,2427.0,Education,2107852.0,1.0
2016,9,Austria,2144.0,Education,2107852.0,1.0
2016,10,Austria,3026.0,Education,2107852.0,1.0
2016,11,Austria,3201.0,Education,2107852.0,1.0
2016,12,Austria,2209.0,Education,2107852.0,1.0
2016,1,Belgium,2399.0,Education,2107852.0,1.0
2016,2,Belgium,1300.0,Education,2107852.0,1.0
2016,3,Belgium,1025.0,Education,2107852.0,1.0
2016,4,Belgium,840.0,Education,2107852.0,1.0
2016,5,Belgium,1089.0,Education,2107852.0,1.0
2016,6,Belgium,1253.0,Education,2107852.0,1.0
2016,7,Belgium,1169.0,Education,2107852.0,1.0
2016,8,Belgium,1325.0,Education,2107852.0,1.0
2016,9,Belgium,1260.0,Education,2107852.0,1.0
2016,10,Belgium,788.0,Education,2107852.0,1.0
2016,11,Belgium,1028.0,Education,2107852.0,1.0
2016,12,Belgium,1184.0,Education,2107852.0,1.0
2016,1,Bulgaria,1908.0,Infrastructure,221116.0,1.0
2016,2,Bulgaria,1156.0,Infrastructure,221116.0,1.0
2016,3,Bulgaria,1050.0,Infrastructure,221116.0,1.0
2016,4,Bulgaria,1085.0,Infrastructure,221116.0,1.0
2016,5,Bulgaria,1505.0,Infrastructure,221116.0,1.0
2016,6,Bulgaria,2754.0,Infrastructure,221116.0,1.0
2016,7,Bulgaria,2066.0,Infrastructure,221116.0,1.0
2016,8,Bulgaria,2508.0,Infrastructure,221116.0,1.0
2016,9,Bulgaria,1730.0,Infrastructure,221116.0,1.0
2016,10,Bulgaria,1381.0,Infrastructure,221116.0,1.0
2016,11,Bulgaria,992.0,Infrastructure,221116.0,1.0
2016,12,Bulgaria,794.0,Infrastructure,221116.0,1.0
2016,1,Canada,1746.0,Agriculture,16734464.0,0.13737499461611918
2016,1,Canada,1746.0,Education,90206936.25999999,0.7405183328879912
2016,1,Canada,1746.0,Infrastructure,14874539.0,0.1221066724958896
2016,2,Canada,1837.0,Agriculture,16734464.0,0.13737499461611918
2016,2,Canada,1837.0,Education,90206936.25999999,0.7405183328879912
2016,2,Canada,1837.0,Infrastructure,14874539.0,0.1221066724958896
2016,3,Canada,1539.0,Agriculture,16734464.0,0.13737499461611918
2016,3,Canada,1539.0,Education,90206936.25999999,0.7405183328879912
2016,3,Canada,1539.0,Infrastructure,14874539.0,0.1221066724958896
2016,4,Canada,1488.0,Agriculture,16734464.0,0.13737499461611918
2016,4,Canada,1488.0,Education,90206936.25999999,0.7405183328879912
2016,4,Canada,1488.0,Infrastructure,14874539.0,0.1221066724958896
2016,5,Canada,1713.0,Agriculture,16734464.0,0.13737499461611918
2016,5,Canada,1713.0,Education,90206936.25999999,0.7405183328879912
2016,5,Canada,1713.0,Infrastructure,14874539.0,0.1221066724958896
2016,6,Canada,2033.0,Agriculture,16734464.0,0.13737499461611918
2016,6,Canada,2033.0,Education,90206936.25999999,0.7405183328879912
2016,6,Canada,2033.0,Infrastructure,14874539.0,0.1221066724958896
2016,7,Canada,2589.0,Agriculture,16734464.0,0.13737499461611918
2016,7,Canada,2589.0,Education,90206936.25999999,0.7405183328879912
2016,7,Canada,2589.0,Infrastructure,14874539.0,0.1221066724958896
2016,8,Canada,2481.0,Agriculture,16734464.0,0.13737499461611918
2016,8,Canada,2481.0,Education,90206936.25999999,0.7405183328879912
2016,8,Canada,2481.0,Infrastructure,14874539.0,0.1221066724958896
2016,9,Canada,2573.0,Agriculture,16734464.0,0.13737499461611918
2016,9,Canada,2573.0,Education,90206936.25999999,0.7405183328879912
2016,9,Canada,2573.0,Infrastructure,14874539.0,0.1221066724958896
2016,10,Canada,1671.0,Agriculture,16734464.0,0.13737499461611918
2016,10,Canada,1671.0,Education,90206936.25999999,0.7405183328879912
2016,10,Canada,1671.0,Infrastructure,14874539.0,0.1221066724958896
2016,11,Canada,1726.0,Agriculture,16734464.0,0.13737499461611918
2016,11,Canada,1726.0,Education,90206936.25999999,0.7405183328879912
2016,11,Canada,1726.0,Infrastructure,14874539.0,0.1221066724958896
2016,12,Canada,2408.0,Agriculture,16734464.0,0.13737499461611918
2016,12,Canada,2408.0,Education,90206936.25999999,0.7405183328879912
2016,12,Canada,2408.0,Infrastructure,14874539.0,0.1221066724958896
2016,1,Croatia,25.0,Agriculture,425162.0,0.04378368965340753
2016,1,Croatia,25.0,Infrastructure,9285349.0,0.9562163103465925
2016,2,Croatia,40.0,Agriculture,425162.0,0.04378368965340753
2016,2,Croatia,40.0,Infrastructure,9285349.0,0.9562163103465925
2016,3,Croatia,190.0,Agriculture,425162.0,0.04378368965340753
2016,3,Croatia,190.0,Infrastructure,9285349.0,0.9562163103465925
2016,4,Croatia,105.0,Agriculture,425162.0,0.04378368965340753
2016,4,Croatia,105.0,Infrastructure,9285349.0,0.9562163103465925
2016,5,Croatia,98.0,Agriculture,425162.0,0.04378368965340753
2016,5,Croatia,98.0,Infrastructure,9285349.0,0.9562163103465925
2016,6,Croatia,97.0,Agriculture,425162.0,0.04378368965340753
2016,6,Croatia,97.0,Infrastructure,9285349.0,0.9562163103465925
2016,7,Croatia,192.0,Agriculture,425162.0,0.04378368965340753
2016,7,Croatia,192.0,Infrastructure,9285349.0,0.9562163103465925
2016,8,Croatia,578.0,Agriculture,425162.0,0.04378368965340753
2016,8,Croatia,578.0,Infrastructure,9285349.0,0.9562163103465925
2016,9,Croatia,286.0,Agriculture,425162.0,0.04378368965340753
2016,9,Croatia,286.0,Infrastructure,9285349.0,0.9562163103465925
2016,10,Croatia,78.0,Agriculture,425162.0,0.04378368965340753
2016,10,Croatia,78.0,Infrastructure,9285349.0,0.9562163103465925
2016,11,Croatia,147.0,Agriculture,425162.0,0.04378368965340753
2016,11,Croatia,147.0,Infrastructure,9285349.0,0.9562163103465925
2016,12,Croatia,153.0,Agriculture,425162.0,0.04378368965340753
2016,12,Croatia,153.0,Infrastructure,9285349.0,0.9562163103465925
2016,1,Greece,1050.0,Agriculture,95254796.93,0.1393262326557051
2016,1,Greece,1050.0,Education,398550339.91999996,0.5829472023913983
2016,1,Greece,1050.0,Emergency aid,80591223.72,0.11787827960278134
2016,1,Greece,1050.0,Infrastructure,109285349.0,0.1598482853501153
2016,2,Greece,1316.0,Agriculture,95254796.93,0.1393262326557051
2016,2,Greece,1316.0,Education,398550339.91999996,0.5829472023913983
2016,2,Greece,1316.0,Emergency aid,80591223.72,0.11787827960278134
2016,2,Greece,1316.0,Infrastructure,109285349.0,0.1598482853501153
2016,3,Greece,3612.0,Agriculture,95254796.93,0.1393262326557051
2016,3,Greece,3612.0,Education,398550339.91999996,0.5829472023913983
2016,3,Greece,3612.0,Emergency aid,80591223.72,0.11787827960278134
2016,3,Greece,3612.0,Infrastructure,109285349.0,0.1598482853501153
2016,4,Greece,4231.0,Agriculture,95254796.93,0.1393262326557051
2016,4,Greece,4231.0,Education,398550339.91999996,0.5829472023913983
2016,4,Greece,4231.0,Emergency aid,80591223.72,0.11787827960278134
2016,4,Greece,4231.0,Infrastructure,109285349.0,0.1598482853501153
2016,11,Greece,2817.0,Agriculture,95254796.93,0.1393262326557051
2016,11,Greece,2817.0,Education,398550339.91999996,0.5829472023913983
2016,11,Greece,2817.0,Emergency aid,80591223.72,0.11787827960278134
2016,11,Greece,2817.0,Infrastructure,109285349.0,0.1598482853501153
2016,1,Italy,7415.0,Education,192072.9,1.0
2016,2,Italy,7606.0,Education,192072.9,1.0
2016,3,Italy,7968.0,Education,192072.9,1.0
2016,4,Italy,9116.0,Education,192072.9,1.0
2016,5,Italy,10894.0,Education,192072.9,1.0
2016,6,Italy,11312.0,Education,192072.9,1.0
2016,7,Italy,12362.0,Education,192072.9,1.0
2016,8,Italy,13747.0,Education,192072.9,1.0
2016,9,Italy,13450.0,Education,192072.9,1.0
2016,10,Italy,9972.0,Education,192072.9,1.0
2016,11,Italy,7305.0,Education,192072.9,1.0
2016,12,Italy,10996.0,Education,192072.9,1.0
2016,1,Montenegro,61.0,Infrastructure,221116.0,1.0
2016,2,Montenegro,15.0,Infrastructure,221116.0,1.0
2016,3,Montenegro,15.0,Infrastructure,221116.0,1.0
2016,4,Montenegro,4.0,Infrastructure,221116.0,1.0
2016,5,Montenegro,15.0,Infrastructure,221116.0,1.0
2016,6,Montenegro,71.0,Infrastructure,221116.0,1.0
2016,7,Montenegro,14.0,Infrastructure,221116.0,1.0
2016,8,Montenegro,31.0,Infrastructure,221116.0,1.0
2016,9,Montenegro,46.0,Infrastructure,221116.0,1.0
2016,10,Montenegro,10.0,Infrastructure,221116.0,1.0
2016,11,Montenegro,6.0,Infrastructure,221116.0,1.0
2016,12,Montenegro,71.0,Infrastructure,221116.0,1.0
2016,1,Netherlands,2554.0,Agriculture,2768976.0,0.05500358895072766
2016,1,Netherlands,2554.0,Education,47522123.0,0.9439906014201354
2016,1,Netherlands,2554.0,Environment,50634.2,0.0010058096291368846
2016,2,Netherlands,1769.0,Agriculture,2768976.0,0.05500358895072766
2016,2,Netherlands,1769.0,Education,47522123.0,0.9439906014201354
2016,2,Netherlands,1769.0,Environment,50634.2,0.0010058096291368846
2016,3,Netherlands,920.0,Agriculture,2768976.0,0.05500358895072766
2016,3,Netherlands,920.0,Education,47522123.0,0.9439906014201354
2016,3,Netherlands,920.0,Environment,50634.2,0.0010058096291368846
2016,4,Netherlands,991.0,Agriculture,2768976.0,0.05500358895072766
2016,4,Netherlands,991.0,Education,47522123.0,0.9439906014201354
2016,4,Netherlands,991.0,Environment,50634.2,0.0010058096291368846
2016,5,Netherlands,1418.0,Agriculture,2768976.0,0.05500358895072766
2016,5,Netherlands,1418.0,Education,47522123.0,0.9439906014201354
2016,5,Netherlands,1418.0,Environment,50634.2,0.0010058096291368846
2016,6,Netherlands,1674.0,Agriculture,2768976.0,0.05500358895072766
2016,6,Netherlands,1674.0,Education,47522123.0,0.9439906014201354
2016,6,Netherlands,1674.0,Environment,50634.2,0.0010058096291368846
2016,7,Netherlands,1921.0,Agriculture,2768976.0,0.05500358895072766
2016,7,Netherlands,1921.0,Education,47522123.0,0.9439906014201354
2016,7,Netherlands,1921.0,Environment,50634.2,0.0010058096291368846
2016,8,Netherlands,2006.0,Agriculture,2768976.0,0.05500358895072766
2016,8,Netherlands,2006.0,Education,47522123.0,0.9439906014201354
2016,8,Netherlands,2006.0,Environment,50634.2,0.0010058096291368846
2016,9,Netherlands,1717.0,Agriculture,2768976.0,0.05500358895072766
2016,9,Netherlands,1717.0,Education,47522123.0,0.9439906014201354
2016,9,Netherlands,1717.0,Environment,50634.2,0.0010058096291368846
2016,10,Netherlands,1021.0,Agriculture,2768976.0,0.05500358895072766
2016,10,Netherlands,1021.0,Education,47522123.0,0.9439906014201354
2016,10,Netherlands,1021.0,Environment,50634.2,0.0010058096291368846
2016,11,Netherlands,1225.0,Agriculture,2768976.0,0.05500358895072766
2016,11,Netherlands,1225.0,Education,47522123.0,0.9439906014201354
2016,11,Netherlands,1225.0,Environment,50634.2,0.0010058096291368846
2016,12,Netherlands,1535.0,Agriculture,2768976.0,0.05500358895072766
2016,12,Netherlands,1535.0,Education,47522123.0,0.9439906014201354
2016,12,Netherlands,1535.0,Environment,50634.2,0.0010058096291368846
2016,1,Romania,42.0,Infrastructure,221116.0,1.0
2016,2,Romania,93.0,Infrastructure,221116.0,1.0
2016,3,Romania,95.0,Infrastructure,221116.0,1.0
2016,4,Romania,58.0,Infrastructure,221116.0,1.0
2016,5,Romania,118.0,Infrastructure,221116.0,1.0
2016,6,Romania,148.0,Infrastructure,221116.0,1.0
2016,7,Romania,191.0,Infrastructure,221116.0,1.0
2016,10,Romania,82.0,Infrastructure,221116.0,1.0
2016,11,Romania,93.0,Infrastructure,221116.0,1.0
2016,12,Romania,297.0,Infrastructure,221116.0,1.0
2016,1,Slovenia,18.0,Infrastructure,221116.0,1.0
2016,2,Slovenia,262.0,Infrastructure,221116.0,1.0
2016,3,Slovenia,27.0,Infrastructure,221116.0,1.0
2016,4,Slovenia,56.0,Infrastructure,221116.0,1.0
2016,5,Slovenia,38.0,Infrastructure,221116.0,1.0
2016,6,Slovenia,118.0,Infrastructure,221116.0,1.0
2016,7,Slovenia,113.0,Infrastructure,221116.0,1.0
2016,8,Slovenia,82.0,Infrastructure,221116.0,1.0
2016,9,Slovenia,189.0,Infrastructure,221116.0,1.0
2016,10,Slovenia,38.0,Infrastructure,221116.0,1.0
2016,11,Slovenia,205.0,Infrastructure,221116.0,1.0
2016,12,Slovenia,133.0,Infrastructure,221116.0,1.0
2016,1,Switzerland,3506.0,Education,12148122.0,1.0
2016,2,Switzerland,2543.0,Education,12148122.0,1.0
2016,3,Switzerland,1631.0,Education,12148122.0,1.0
2016,4,Switzerland,1794.0,Education,12148122.0,1.0
2016,5,Switzerland,2367.0,Education,12148122.0,1.0
2016,6,Switzerland,2316.0,Education,12148122.0,1.0
2016,7,Switzerland,2096.0,Education,12148122.0,1.0
2016,8,Switzerland,2007.0,Education,12148122.0,1.0
2016,9,Switzerland,1853.0,Education,12148122.0,1.0
2016,10,Switzerland,2228.0,Education,12148122.0,1.0
2016,11,Switzerland,1890.0,Education,12148122.0,1.0
2016,12,Switzerland,1660.0,Education,12148122.0,1.0
2016,1,Turkey,5684.0,Agriculture,436932276.0,0.8188910166487365
2016,1,Turkey,5684.0,Education,8337.46,1.562592527650252e-05
2016,1,Turkey,5684.0,Emergency aid,96375000.0,0.18062438062946393
2016,1,Turkey,5684.0,Environment,250230.0,0.0004689767965230688
2016,2,Turkey,6430.0,Agriculture,436932276.0,0.8188910166487365
2016,2,Turkey,6430.0,Education,8337.46,1.562592527650252e-05
2016,2,Turkey,6430.0,Emergency aid,96375000.0,0.18062438062946393
2016,2,Turkey,6430.0,Environment,250230.0,0.0004689767965230688
2016,3,Turkey,5944.0,Agriculture,436932276.0,0.8188910166487365
2016,3,Turkey,5944.0,Education,8337.46,1.562592527650252e-05
2016,3,Turkey,5944.0,Emergency aid,96375000.0,0.18062438062946393
2016,3,Turkey,5944.0,Environment,250230.0,0.0004689767965230688
2016,4,Turkey,4934.0,Agriculture,436932276.0,0.8188910166487365
2016,4,Turkey,4934.0,Education,8337.46,1.562592527650252e-05
2016,4,Turkey,4934.0,Emergency aid,96375000.0,0.18062438062946393
2016,4,Turkey,4934.0,Environment,250230.0,0.0004689767965230688
2016,5,Turkey,4441.0,Agriculture,436932276.0,0.8188910166487365
2016,5,Turkey,4441.0,Education,8337.46,1.562592527650252e-05
2016,5,Turkey,4441.0,Emergency aid,96375000.0,0.18062438062946393
2016,5,Turkey,4441.0,Environment,250230.0,0.0004689767965230688
2016,6,Turkey,7333.0,Agriculture,436932276.0,0.8188910166487365
2016,6,Turkey,7333.0,Education,8337.46,1.562592527650252e-05
2016,6,Turkey,7333.0,Emergency aid,96375000.0,0.18062438062946393
2016,6,Turkey,7333.0,Environment,250230.0,0.0004689767965230688
2016,7,Turkey,6819.0,Agriculture,436932276.0,0.8188910166487365
2016,7,Turkey,6819.0,Education,8337.46,1.562592527650252e-05
2016,7,Turkey,6819.0,Emergency aid,96375000.0,0.18062438062946393
2016,7,Turkey,6819.0,Environment,250230.0,0.0004689767965230688
2016,8,Turkey,8232.0,Agriculture,436932276.0,0.8188910166487365
2016,8,Turkey,8232.0,Education,8337.46,1.562592527650252e-05
2016,8,Turkey,8232.0,Emergency aid,96375000.0,0.18062438062946393
2016,8,Turkey,8232.0,Environment,250230.0,0.0004689767965230688
2016,9,Turkey,8595.0,Agriculture,436932276.0,0.8188910166487365
2016,9,Turkey,8595.0,Education,8337.46,1.562592527650252e-05
2016,9,Turkey,8595.0,Emergency aid,96375000.0,0.18062438062946393
2016,9,Turkey,8595.0,Environment,250230.0,0.0004689767965230688
2016,10,Turkey,4562.0,Agriculture,436932276.0,0.8188910166487365
2016,10,Turkey,4562.0,Education,8337.46,1.562592527650252e-05
2016,10,Turkey,4562.0,Emergency aid,96375000.0,0.18062438062946393
2016,10,Turkey,4562.0,Environment,250230.0,0.0004689767965230688
2016,11,Turkey,8395.0,Agriculture,436932276.0,0.8188910166487365
2016,11,Turkey,8395.0,Education,8337.46,1.562592527650252e-05
2016,11,Turkey,8395.0,Emergency aid,96375000.0,0.18062438062946393
2016,11,Turkey,8395.0,Environment,250230.0,0.0004689767965230688
2016,12,Turkey,6491.0,Agriculture,436932276.0,0.8188910166487365
2016,12,Turkey,6491.0,Education,8337.46,1.562592527650252e-05
2016,12,Turkey,6491.0,Emergency aid,96375000.0,0.18062438062946393
2016,12,Turkey,6491.0,Environment,250230.0,0.0004689767965230688
2017,1,Albania,25.0,Education,666000.0,0.8153581148332739
2017,1,Albania,25.0,Environment,150819.0,0.18464188516672606
2017,2,Albania,10.0,Education,666000.0,0.8153581148332739
2017,2,Albania,10.0,Environment,150819.0,0.18464188516672606
2017,3,Albania,4.0,Education,666000.0,0.8153581148332739
2017,3,Albania,4.0,Environment,150819.0,0.18464188516672606
2017,4,Albania,8.0,Education,666000.0,0.8153581148332739
2017,4,Albania,8.0,Environment,150819.0,0.18464188516672606
2017,11,Albania,2.0,Education,666000.0,0.8153581148332739
2017,11,Albania,2.0,Environment,150819.0,0.18464188516672606
2017,1,Australia,2402.0,Agriculture,776551.0,0.5383178826953086
2017,1,Australia,2402.0,Education,666000.0,0.4616821173046915
2017,2,Australia,2674.0,Agriculture,776551.0,0.5383178826953086
2017,2,Australia,2674.0,Education,666000.0,0.4616821173046915
2017,3,Australia,2462.0,Agriculture,776551.0,0.5383178826953086
2017,3,Australia,2462.0,Education,666000.0,0.4616821173046915
2017,4,Australia,2534.0,Agriculture,776551.0,0.5383178826953086
2017,4,Australia,2534.0,Education,666000.0,0.4616821173046915
2017,11,Australia,3483.0,Agriculture,776551.0,0.5383178826953086
2017,11,Australia,3483.0,Education,666000.0,0.4616821173046915
2017,1,Austria,2037.0,Education,1772604.0,1.0
2017,2,Austria,1861.0,Education,1772604.0,1.0
2017,3,Austria,1751.0,Education,1772604.0,1.0
2017,4,Austria,1914.0,Education,1772604.0,1.0
2017,11,Austria,1940.0,Education,1772604.0,1.0
2017,1,Belgium,1150.0,Agriculture,15514508.0,0.1099696858696289
2017,1,Belgium,1150.0,Education,49403488.16999999,0.3501810096020335
2017,1,Belgium,1150.0,Other,76161864.86000001,0.5398493045283376
2017,2,Belgium,1083.0,Agriculture,15514508.0,0.1099696858696289
2017,2,Belgium,1083.0,Education,49403488.16999999,0.3501810096020335
2017,2,Belgium,1083.0,Other,76161864.86000001,0.5398493045283376
2017,3,Belgium,1087.0,Agriculture,15514508.0,0.1099696858696289
2017,3,Belgium,1087.0,Education,49403488.16999999,0.3501810096020335
2017,3,Belgium,1087.0,Other,76161864.86000001,0.5398493045283376
2017,4,Belgium,1285.0,Agriculture,15514508.0,0.1099696858696289
2017,4,Belgium,1285.0,Education,49403488.16999999,0.3501810096020335
2017,4,Belgium,1285.0,Other,76161864.86000001,0.5398493045283376
2017,11,Belgium,1371.0,Agriculture,15514508.0,0.1099696858696289
2017,11,Belgium,1371.0,Education,49403488.16999999,0.3501810096020335
2017,11,Belgium,1371.0,Other,76161864.86000001,0.5398493045283376
2017,1,Bulgaria,378.0,Education,666000.0,1.0
2017,2,Bulgaria,362.0,Education,666000.0,1.0
2017,3,Bulgaria,202.0,Education,666000.0,1.0
2017,4,Bulgaria,255.0,Education,666000.0,1.0
2017,11,Bulgaria,512.0,Education,666000.0,1.0
2017,1,Canada,2631.0,Agriculture,16259459.0,0.2599862393435258
2017,1,Canada,2631.0,Education,25344525.35,0.40525504776592863
2017,1,Canada,2631.0,Infrastructure,18457489.0,0.29513239972095595
2017,1,Canada,2631.0,Other,2478217.37,0.03962631316958966
2017,2,Canada,2949.0,Agriculture,16259459.0,0.2599862393435258
2017,2,Canada,2949.0,Education,25344525.35,0.40525504776592863
2017,2,Canada,2949.0,Infrastructure,18457489.0,0.29513239972095595
2017,2,Canada,2949.0,Other,2478217.37,0.03962631316958966
2017,3,Canada,3107.0,Agriculture,16259459.0,0.2599862393435258
2017,3,Canada,3107.0,Education,25344525.35,0.40525504776592863
2017,3,Canada,3107.0,Infrastructure,18457489.0,0.29513239972095595
2017,3,Canada,3107.0,Other,2478217.37,0.03962631316958966
2017,4,Canada,3145.0,Agriculture,16259459.0,0.2599862393435258
2017,4,Canada,3145.0,Education,25344525.35,0.40525504776592863
2017,4,Canada,3145.0,Infrastructure,18457489.0,0.29513239972095595
2017,4,Canada,3145.0,Other,2478217.37,0.03962631316958966
2017,11,Canada,3464.0,Agriculture,16259459.0,0.2599862393435258
2017,11,Canada,3464.0,Education,25344525.35,0.40525504776592863
2017,11,Canada,3464.0,Infrastructure,18457489.0,0.29513239972095595
2017,11,Canada,3464.0,Other,2478217.37,0.03962631316958966
2017,1,Croatia,46.0,Agriculture,68072.0,0.008397524955595707
2017,1,Croatia,46.0,Infrastructure,8038126.0,0.9916024750444042
2017,2,Croatia,69.0,Agriculture,68072.0,0.008397524955595707
2017,2,Croatia,69.0,Infrastructure,8038126.0,0.9916024750444042
2017,3,Croatia,89.0,Agriculture,68072.0,0.008397524955595707
2017,3,Croatia,89.0,Infrastructure,8038126.0,0.9916024750444042
2017,4,Croatia,133.0,Agriculture,68072.0,0.008397524955595707
2017,4,Croatia,133.0,Infrastructure,8038126.0,0.9916024750444042
2017,11,Croatia,89.0,Agriculture,68072.0,0.008397524955595707
2017,11,Croatia,89.0,Infrastructure,8038126.0,0.9916024750444042
2017,1,Cyprus,250.0,Emergency aid,10901992.0,1.0
2017,2,Cyprus,350.0,Emergency aid,10901992.0,1.0
2017,3,Cyprus,222.0,Emergency aid,10901992.0,1.0
2017,11,Cyprus,508.0,Emergency aid,10901992.0,1.0
2017,1,Denmark,251.0,Education,43390446.0,0.6853428978988256
2017,1,Denmark,251.0,Emergency aid,19921578.0,0.3146571021011743
2017,2,Denmark,224.0,Education,43390446.0,0.6853428978988256
2017,2,Denmark,224.0,Emergency aid,19921578.0,0.3146571021011743
2017,3,Denmark,234.0,Education,43390446.0,0.6853428978988256
2017,3,Denmark,234.0,Emergency aid,19921578.0,0.3146571021011743
2017,4,Denmark,303.0,Education,43390446.0,0.6853428978988256
2017,4,Denmark,303.0,Emergency aid,19921578.0,0.3146571021011743
2017,11,Denmark,272.0,Education,43390446.0,0.6853428978988256
2017,11,Denmark,272.0,Emergency aid,19921578.0,0.3146571021011743
2017,1,France,7025.0,Education,666000.0,1.0
2017,2,France,7029.0,Education,666000.0,1.0
2017,3,France,7135.0,Education,666000.0,1.0
2017,4,France,6939.0,Education,666000.0,1.0
2017,11,France,8013.0,Education,666000.0,1.0
2017,1,Germany,16055.0,Education,666000.0,1.0
2017,2,Germany,14961.0,Education,666000.0,1.0
2017,3,Germany,13341.0,Education,666000.0,1.0
2017,4,Germany,15107.0,Education,666000.0,1.0
2017,11,Germany,18078.0,Education,666000.0,1.0
2017,1,Hungary,466.0,Education,666000.0,1.0
2017,2,Hungary,358.0,Education,666000.0,1.0
2017,1,Italy,11574.0,Education,122710.5,1.0
2017,2,Italy,11825.0,Education,122710.5,1.0
2017,3,Italy,9419.0,Education,122710.5,1.0
2017,11,Italy,13517.0,Education,122710.5,1.0
2017,1,Japan,1045.0,Education,1929390.0,1.0
2017,2,Japan,970.0,Education,1929390.0,1.0
2017,3,Japan,1406.0,Education,1929390.0,1.0
2017,11,Japan,1462.0,Education,1929390.0,1.0
2017,1,Lithuania,60.0,Education,666000.0,1.0
2017,2,Lithuania,10.0,Education,666000.0,1.0
2017,3,Lithuania,73.0,Education,666000.0,1.0
2017,4,Lithuania,44.0,Education,666000.0,1.0
2017,11,Lithuania,35.0,Education,666000.0,1.0
2017,1,Montenegro,57.0,Education,666000.0,1.0
2017,2,Montenegro,30.0,Education,666000.0,1.0
2017,3,Montenegro,27.0,Education,666000.0,1.0
2017,4,Montenegro,17.0,Education,666000.0,1.0
2017,11,Montenegro,38.0,Education,666000.0,1.0
2017,1,Netherlands,1239.0,Agriculture,2531621.0,0.1355983613709204
2017,1,Netherlands,1239.0,Education,16031522.0,0.8586783382986082
2017,1,Netherlands,1239.0,Environment,106854.0,0.005723300330471397
2017,2,Netherlands,1155.0,Agriculture,2531621.0,0.1355983613709204
2017,2,Netherlands,1155.0,Education,16031522.0,0.8586783382986082
2017,2,Netherlands,1155.0,Environment,106854.0,0.005723300330471397
2017,3,Netherlands,1030.0,Agriculture,2531621.0,0.1355983613709204
2017,3,Netherlands,1030.0,Education,16031522.0,0.8586783382986082
2017,3,Netherlands,1030.0,Environment,106854.0,0.005723300330471397
2017,4,Netherlands,1152.0,Agriculture,2531621.0,0.1355983613709204
2017,4,Netherlands,1152.0,Education,16031522.0,0.8586783382986082
2017,4,Netherlands,1152.0,Environment,106854.0,0.005723300330471397
2017,11,Netherlands,1217.0,Agriculture,2531621.0,0.1355983613709204
2017,11,Netherlands,1217.0,Education,16031522.0,0.8586783382986082
2017,11,Netherlands,1217.0,Environment,106854.0,0.005723300330471397
2017,1,New Zealand,55.0,Education,666000.0,1.0
2017,2,New Zealand,33.0,Education,666000.0,1.0
2017,3,New Zealand,28.0,Education,666000.0,1.0
2017,4,New Zealand,44.0,Education,666000.0,1.0
2017,11,New Zealand,49.0,Education,666000.0,1.0
2017,1,Norway,606.0,Education,666000.0,0.008127999624836922
2017,1,Norway,606.0,Emergency aid,78794762.78999999,0.9616273309252766
2017,1,Norway,606.0,Other,2478217.37,0.030244669449886404
2017,2,Norway,243.0,Education,666000.0,0.008127999624836922
2017,2,Norway,243.0,Emergency aid,78794762.78999999,0.9616273309252766
2017,2,Norway,243.0,Other,2478217.37,0.030244669449886404
2017,3,Norway,327.0,Education,666000.0,0.008127999624836922
2017,3,Norway,327.0,Emergency aid,78794762.78999999,0.9616273309252766
2017,3,Norway,327.0,Other,2478217.37,0.030244669449886404
2017,4,Norway,409.0,Education,666000.0,0.008127999624836922
2017,4,Norway,409.0,Emergency aid,78794762.78999999,0.9616273309252766
2017,4,Norway,409.0,Other,2478217.37,0.030244669449886404
2017,11,Norway,396.0,Education,666000.0,0.008127999624836922
2017,11,Norway,396.0,Emergency aid,78794762.78999999,0.9616273309252766
2017,11,Norway,396.0,Other,2478217.37,0.030244669449886404
2017,1,Poland,346.0,Education,666000.0,1.0
2017,2,Poland,302.0,Education,666000.0,1.0
2017,3,Poland,275.0,Education,666000.0,1.0
2017,4,Poland,216.0,Education,666000.0,1.0
2017,11,Poland,324.0,Education,666000.0,1.0
2017,1,Portugal,243.0,Education,666000.0,1.0
2017,2,Portugal,216.0,Education,666000.0,1.0
2017,1,Romania,95.0,Education,666000.0,1.0
2017,2,Romania,132.0,Education,666000.0,1.0
2017,3,Romania,570.0,Education,666000.0,1.0
2017,11,Romania,402.0,Education,666000.0,1.0
2017,1,Slovakia,24.0,Education,666000.0,1.0
2017,2,Slovakia,22.0,Education,666000.0,1.0
2017,3,Slovakia,4.0,Education,666000.0,1.0
2017,4,Slovakia,9.0,Education,666000.0,1.0
2017,11,Slovakia,18.0,Education,666000.0,1.0
2017,1,Spain,2141.0,Education,666000.0,1.0
2017,2,Spain,2326.0,Education,666000.0,1.0
2017,3,Spain,2005.0,Education,666000.0,1.0
2017,11,Spain,2525.0,Education,666000.0,1.0
2017,1,Sweden,1552.0,Education,666000.0,1.0
2017,2,Sweden,1321.0,Education,666000.0,1.0
2017,3,Sweden,1259.0,Education,666000.0,1.0
2017,4,Sweden,1412.0,Education,666000.0,1.0
2017,11,Sweden,1536.0,Education,666000.0,1.0
2017,1,Switzerland,1495.0,Education,666000.0,1.0
2017,2,Switzerland,1384.0,Education,666000.0,1.0
2017,3,Switzerland,1232.0,Education,666000.0,1.0
2017,4,Switzerland,1357.0,Education,666000.0,1.0
2017,11,Switzerland,1501.0,Education,666000.0,1.0
2017,1,Turkey,6577.0,Education,1929390.0,0.009301665086000615
2017,1,Turkey,6577.0,Emergency aid,205494762.79,0.9906983349139994
2017,2,Turkey,6308.0,Education,1929390.0,0.009301665086000615
2017,2,Turkey,6308.0,Emergency aid,205494762.79,0.9906983349139994
2017,3,Turkey,5713.0,Education,1929390.0,0.009301665086000615
2017,3,Turkey,5713.0,Emergency aid,205494762.79,0.9906983349139994
2017,4,Turkey,7697.0,Education,1929390.0,0.009301665086000615
2017,4,Turkey,7697.0,Emergency aid,205494762.79,0.9906983349139994
2017,11,Turkey,9504.0,Education,1929390.0,0.009301665086000615
2017,11,Turkey,9504.0,Emergency aid,205494762.79,0.9906983349139994
